Company,Ticker
1-800 Flowers Com,FLWS
1St Source Corp,SRCE
1St United Bancorp Inc,FUBC
3D Systems Corp,DDD
3M Co,MMM
8X8 Inc New,EGHT
A V Homes Inc,AVHI
A123 Systems Inc,AONE
Aaon Inc,AAON
Aar Corp,AIR
Aarons Inc,AAN
Abaxis Inc,ABAX
Abbott Laboratories,ABT
Abercrombie & Fitch,ANF
Abiomed Inc,ABMD
Abm Industries Inc,ABM
Abovenet Inc,ABVT
Abraxas Pete Corp,AXAS
Acacia Research Corp,ACTG
Acadia Healthcare Co,ACHC
Acadia Realty Trust,AKR
Accelrys Inc,ACCL
Accenture Plc Ireland,ACN
Access Natl Corp,ANCX
Acco Brands Corp,ACCO
Accretive Health Inc,AH
Accuray Inc,ARAY
Accuride Corp New,ACW
Ace Ltd,ACE
Aceto Corp,ACET
Achillion Pharm,ACHN
Aci Worldwide Inc,ACIW
Acme Packet Inc,APKT
Acorda Therapeutics Inc,ACOR
Acorn Energy Inc,ACFN
Active Network Inc,ACTV
Activision Blizzard Inc,ATVI
Actuant Corp,ATU
Actuate Corp,BIRT
Acuity Brands Inc,AYI
Acura Pharmaceuticals,ACUR
Acxiom Corp,ACXM
Ada Es Inc,ADES
Adams Resources & Energ,AE
Adobe Systems Inc,ADBE
Adtran Inc,ADTN
Advance Auto Parts Inc,AAP
Advanced Energy Inds In,AEIS
Advanced Micro Devices,AMD
Advent Software Inc,ADVS
Advice From A Licensed,professional.
Advisory Board Co,ABCO
Aecom Technology Corp D,ACM
Aegerion Pharm Inc,AEGR
Aegion Corp,AEGN
Aep Industries Inc,AEPI
Aeroflex Hldg Corp,ARX
Aeropostale Inc,ARO
Aerovironment Inc,AVAV
Aes Corp,AES
Aetna Inc,AET
Afc Enterprises Inc,AFCE
Affiliated Managers Grp,AMG
Affymax Inc,AFFY
Affymetrix Inc,AFFX
Aflac Inc,AFL
Ag Mortgage Invt Tr Inc,MITT
Agco Corp,AGCO
Agenus Inc,AGEN
Agilent Technologies In,A
Agilysys Inc,AGYS
Agl Resources Inc,GAS
Agree Realty Corp,ADC
Air Lease Corp,AL
Air Methods Corp,AIRM
Air Prods & Chems Inc,APD
Air Transport Services,ATSG
Aircastle Ltd,AYR
Airgas Inc,ARG
Ak Steel Holding Corp,AKS
Akamai Technologies,AKAM
Akorn Inc,AKRX
Alamo Group Inc,ALG
Alaska Air Group Inc,ALK
Albany International,AIN
Albemarle Corp,ALB
Alcoa Inc,AA
Alere Inc,ALR
Alexander & Baldwin Hld,ALEX
Alexanders Inc,ALX
Alexandria Real Estate,ARE
Alexion Pharmaceuticals,ALXN
Alico Inc,ALCO
Align Technology Inc,ALGN
Alkermes Plc,ALKS
Alleghany Corp,Y
Allegheny Technologies,ATI
Allegiant Travel Co,ALGT
Allergan Inc,AGN
Allete Inc,ALE
Alliance Data Systems,ADS
Alliance Financial Corp,ALNC
Alliance One Intl Inc,AOI
Alliant Energy Corp,LNT
Alliant Techsystems,ATK
Allied Nevada Gold Corp,ANV
Allied Wrld Assur Com,AWH
Allison Transmission,ALSN
Allos Therapeutics Inc,ALTH
Allscripts Healthcare,MDRX
Allstate Corp,ALL
Almost Family Inc,AFAM
Alnylam Pharmaceuticals,ALNY
Alon Usa Energy Inc,ALJ
Alpha & Omega Semicon,AOSL
Alpha Natural Resources,ANR
Alphatec Holdings,ATEC
Altera Corp,ALTR
Alterra Capital Holding,ALTE
Altra Holdings Inc,AIMC
Altria Group Inc,MO
Amag Pharmaceuticals In,AMAG
Amazon Com Inc,AMZN
Ambient Corp,AMBT
Amc Networks Inc,AMCX
Amcol International Cor,ACO
Amdocs Ltd,DOX
Amedisys Inc,AMED
Amer Public Education,APEI
Amerco,UHAL
Ameren Corp,AEE
Ameresco Inc,AMRC
American Assets Trst In,AAT
American Axle & Mfg,AXL
American Campus Commun,ACC
American Cap Mtg Invt,MTGE
American Capital Agency,AGNC
American Capital Ltd,ACAS
American Dg Energy Inc,ADGE
American Eagle Outfitte,AEO
American Electric Power,AEP
American Equity Invst,AEL
American Express Co,AXP
American Financial Grou,AFG
American Greetings,AM
American Intl Group,AIG
American National Ins C,ANAT
American Natl Bankshare,AMNB
American Railcar Ind,ARII
American Reprographics,ARC
American Rlty Cap Tr In,ARCT
American Safety Ins Hld,ASI
American Science & Engr,ASEI
American Software Inc,AMSWA
American States Water C,AWR
American Superconductor,AMSC
American Tower Corp,AMT
American Vanguard Corp,AVD
American Woodmark Corp,AMWD
American Wtr Wks Co Inc,AWK
Americas Car-Mart Inc,CRMT
Americas: +1-877-503-6437; Apac: +65-6880-5003; Emea:,+44-0-20-7024-6600
Amerigon Inc,THRM
Amerigroup Corp,AGP
Ameriprise Financial In,AMP
Ameris Bancorp,ABCB
Amerisafe Inc,AMSF
Amerisourcebergen Corp,ABC
Ameristar Casinos Inc,ASCA
Ames Natl Corp,ATLO
Ametek Inc,AME
Amgen Inc,AMGN
Amicus Therapeutics Inc,FOLD
Amkor Technology Inc,AMKR
Amn Healthcare Services,AHS
Ampco-Pittsburgh Corp,AP
Amphenol Corp,APH
Ampio Pharmaceuticals,AMPE
Amsurg Corp,AMSG
Amtrust Finl Svcs,AFSI
Amylin Pharmaceuticals,AMLN
Amyris Inc,AMRS
Anacor Pharm Inc,ANAC
Anadarko Petroleum Corp,APC
Anadigics Inc,ANAD
Analog Devices Inc,ADI
Analogic Corp,ALOG
Anaren Inc,ANEN
Ancestry.Com Inc,ACOM
Andersons Inc,ANDE
Angies List Inc,ANGI
Angiodynamics Inc,ANGO
Anika Therapeutics Inc,ANIK
Anixter International,AXE
Ann Inc,ANN
Annaly Capital Mgmt Inc,NLY
Annies Inc,BNNY
Ansys Inc,ANSS
Antares Pharma Inc,ATRS
Anworth Mortgage Asset,ANH
Aol Inc,AOL
Aon Plc,AON
Apache Corp,APA
Apartment Invt & Mgmt,AIV
Apco Oil & Gas Intl Inc,APAGF
Api Technologies Corp,ATNY
Apogee Enterprises Inc,APOG
Apollo Commercial Re,ARI
Apollo Group Inc,APOL
Apollo Investment Corp,AINV
Apollo Residential Mtg,AMTG
Apple Inc,AAPL
Applied Industrial Tech,AIT
Applied Matls Inc,AMAT
Applied Micro Circuits,AMCC
Approach Resources Inc,AREX
Aptargroup Inc,ATR
Aqua America Inc,WTR
Arabian Amern Dev Co,ARSD
Arbitron Inc,ARB
Arch Cap Group Ltd,ACGL
Arch Coal Inc,ACI
Archer Daniels Midland,ADM
Arctic Cat Inc,ACAT
Arden Group Inc,ARDNA
Arena Pharmaceuticals,ARNA
Ares Cap Corp,ARCC
Ares Coml Real Estate,ACRE
Argan Inc,AGX
Argo Group Intl,AGII
Ariad Pharmaceuticals,ARIA
Ariba Inc,ARBA
Arkansas Best Corp,ABFS
Arlington Asset Invt,AI
Armour Residential Reit,ARR
Armstrong World Inds In,AWI
Arqule Inc,ARQL
Array Biopharma Inc,ARRY
Arris Group Inc,ARRS
Arrow Electronics Inc,ARW
Arrow Financial Corp,AROW
Artesian Resources Corp,ARTNA
Arthrocare Corp,ARTC
Artio Global Investors,ART
Aruba Networks Inc,ARUN
As Of 06/25/2012 Russell,Indexes.
As Of 06/25/2012 Russell,Indexes.
As Of 06/25/2012 Russell,Indexes.
As Of 06/25/2012 Russell,Indexes.
As Of 06/25/2012 Russell,Indexes.
As Of 06/25/2012 Russell,Indexes.
As Of 06/25/2012 Russell,Indexes.
As Of 06/25/2012 Russell,Indexes.
As Of 06/25/2012 Russell,Indexes.
As Of 06/25/2012 Russell,Indexes.
As Of 06/25/2012 Russell,Indexes.
As Of 06/25/2012 Russell,Indexes.
As Of 06/25/2012 Russell,Indexes.
As Of 06/25/2012 Russell,Indexes.
As Of 06/25/2012 Russell,Indexes.
As Of 06/25/2012 Russell,Indexes.
As Of 06/25/2012 Russell,Indexes.
As Of 06/25/2012 Russell,Indexes.
As Of 06/25/2012 Russell,Indexes.
As Of 06/25/2012 Russell,Indexes.
As Of 06/25/2012 Russell,Indexes.
As Of 06/25/2012 Russell,Indexes.
As Of 06/25/2012 Russell,Indexes.
As Of 06/25/2012 Russell,Indexes.
As Of 06/25/2012 Russell,Indexes.
As Of 06/25/2012 Russell,Indexes.
As Of 06/25/2012 Russell,Indexes.
As Of 06/25/2012 Russell,Indexes.
As Of 06/25/2012 Russell,Indexes.
As Of 06/25/2012 Russell,Indexes.
As Of 06/25/2012 Russell,Indexes.
As Of 06/25/2012 Russell,Indexes.
As Of 06/25/2012 Russell,Indexes.
As Of 06/25/2012 Russell,Indexes.
As Of 06/25/2012 Russell,Indexes.
As Of 06/25/2012 Russell,Indexes.
As Of 06/25/2012 Russell,Indexes.
Asbury Automotive Group,ABG
Ascena Retail Group Inc,ASNA
Ascent Capital Group In,ASCMA
Ashford Hospitality,AHT
Ashland Inc,ASH
Aspen Insurance Holding,AHL
Aspen Technology Inc,AZPN
Asset Acceptance Capita,AACC
Assisted Living Concpt,ALC
Associated Banc Corp,ASBC
Associated Estates Rlty,AEC
Assurant Inc,AIZ
Assured Guaranty Ltd,AGO
Asta Fdg Inc,ASFI
Astec Industries Inc,ASTE
Astex Pharmaceuticals,ASTX
Astoria Financial Corp,AF
Astronics Corp,ATRO
At&T Inc,T
Athenahealth Inc,ATHN
Atlantic Pwr Corp,AT
Atlantic Tele-Network,ATNI
Atlas Air Worldwide Hld,AAWW
Atmel Corp,ATML
Atmi Inc,ATMI
Atmos Energy Corp,ATO
Atp Oil & Gas Corp,ATPG
Atricure Inc,ATRC
Atrion Corp,ATRI
Atwood Oceanics Inc,ATW
Audience Inc,ADNC
Authentec Inc,AUTH
Autodesk Inc,ADSK
Automatic Data Process,ADP
Autonation Inc,AN
Autozone Inc,AZO
Auxilium Pharmaceutical,AUXL
Avago Technologies Ltd,AVGO
Avalonbay Cmntys Inc,AVB
Avanir Pharmaceuticals,AVNR
Aveo Pharmaceuticals In,AVEO
Avery Dennison Corp,AVY
Avg Technologies Nv,AVG
Aviat Networks Inc,AVNW
Avid Technology Inc,AVID
Avis Budget Group Inc,CAR
Avista Corp,AVA
Avnet Inc,AVT
Avon Products Inc,AVP
Avx Corp,AVX
Aware Inc,AWRE
Axcelis Technologies In,ACLS
Axis Capital Holdings,AXS
Axt Inc,AXTI
Azz Inc,AZZ
B & G Foods Inc,BGS
Babcock & Wilcox Compan,BWC
Badger Meter Inc,BMI
Baker Hughes Inc,BHI
Baker Michael Corp,BKR
Balchem Corp,BCPC
Baldwin & Lyons Inc,BWINB
Ball Corp,BLL
Bally Technologies Inc,BYI
Bancfirst Corp,BANF
Banco Latinoamericano,BLX
Bancorp Inc,TBBK
Bancorpsouth Inc,BXS
Bank Ky Finl Corp,BKYF
Bank Mutual Corp,BKMU
Bank Of America Corp,BAC
Bank Of Hawaii Corp,BOH
Bank Of Marin Bancorp,BMRC
Bank Of New York Mellon,BK
Bank Of The Ozarks Inc,OZRK
Bankfinancial Corp,BFIN
Bankrate Inc,RATE
Bankunited Inc,BKU
Banner Corp,BANR
Bar Hbr Bankshares,BHB
Bard C R Inc,BCR
Barnes & Noble Inc,BKS
Barnes Group Inc,B
Barrett Business Servic,BBSI
Barry R G Corp Ohio,DFZ
Basic Energy Services,BAS
Bassett Furniture Inds,BSET
Baxter International In,BAX
Bazaarvoice Inc,BV
Bb&T Corp,BBT
Bbcn Bancorp Inc,BBCN
Be Aerospace Inc,BEAV
Beacon Roofing Supply,BECN
Beam Inc,BEAM
Beasley Broadcast Group,BBGI
Beazer Homes Usa Inc,BZH
Bebe Stores Inc,BEBE
Becton Dickinson & Co,BDX
Bed Bath & Beyond Inc,BBBY
Bel Fuse Inc,BELFB
Belden Inc,BDC
Belo Corp,BLC
Bemis Inc,BMS
Benchmark Electronics,BHE
Beneficial Mutual Inc,BNCL
Benihana Inc,BNHN
Berkley W R Corp,WRB
Berkshire Bancorp Inc,BERK
Berkshire Hathaway Inc,BRK.B
Berkshire Hills Bancorp,BHLB
Berry Petroleum Co,BRY
Best Buy Inc,BBY
Bg Medicine Inc,BGMD
Bgc Partners Inc,BGCP
Big 5 Sporting Goods,BGFV
Big Lots Inc,BIG
Biglari Holdings Inc,BH
Bill Barrett Corp,BBG
Biocryst Pharmaceutical,BCRX
Biodelivery Sciences,BDSI
Biogen Idec Inc,BIIB
Biomarin Pharmaceutical,BMRN
Biomed Realty Trust Inc,BMR
Bio-Rad Laboratories In,BIO
Bio-Reference Labs Inc,BRLI
Bioscrip Inc,BIOS
Biospecifics Techno Cor,BSTC
Biotime Inc,BTX
Bjs Restaurants Inc,BJRI
Black Box Corp,BBOX
Black Diamond Inc,BDE
Black Hills Corp,BKH
Blackbaud Inc,BLKB
Blackrock Inc,BLK
Blackrock Kelso Cap Cor,BKCC
Block H & R Inc,HRB
Blount International In,BLT
Blucora Inc,BCOR
Blue Nile Inc,NILE
Bluegreen Corp,BXG
Bluelinx Holdings Inc,BXC
Blyth Inc,BTH
Bmc Software Inc,BMC
Bob Evans Farms Inc,BOBE
Body Central Corp,BODY
Boeing Co,BA
Bofi Hldg Inc,BOFI
Boingo Wireless Inc,WIFI
Boise Inc,BZ
Bok Financial Corp,BOKF
Bolt Technology Corp,BOLT
Bonanza Creek Ener Inc,BCEI
Bon-Ton Stores Inc,BONT
Booz Allen Hamilton Hld,BAH
Borg Warner Inc,BWA
Boston Beer Inc,SAM
Boston Private Financia,BPFH
Boston Properties Inc,BXP
Boston Scientific Co,BSX
Bottomline Technologies,EPAY
Boyd Gaming Corp,BYD
Bpz Resources Inc,BPZ
Brady Corp,BRC
Brandywine Realty Trust,BDN
Bravo Brio Restaurant G,BBRG
Bre Properties Inc,BRE
Bridge Bancorp Inc,BDGE
Bridge Capital Holdings,BBNK
Bridgepoint Ed Inc,BPI
Briggs & Stratton Co,BGG
Brightcove Inc,BCOV
Brightpoint Inc,CELL
Brinker International,EAT
Brinks Co,BCO
Bristol Myers Squibb,BMY
Bristow Group Inc,BRS
Broadcom Corp,BRCM
Broadridge Financial In,BR
Broadsoft Inc,BSFT
Brocade Communications,BRCD
Brookdale Senior Living,BKD
Brookline Bancorp Inc,BRKL
Brooks Automation Inc,BRKS
Brown & Brown Inc,BRO
Brown Forman Corp,BF.B
Brown Shoe Inc,BWS
Bruker Corp,BRKR
Brunswick Corp,BC
Bryn Mawr Bank Corp,BMTC
Bsb Bancorp Inc Md,BLMT
Buckeye Technologies In,BKI
Buckle Inc,BKE
Buffalo Wild Wings Inc,BWLD
Builders Firstsource In,BLDR
Bunge Limited,BG
C & F Financial Corp,CFFI
C H Robinson Worldwide,CHRW
C&J Energy Services Inc,CJES
Ca Inc,CA
Cabelas Inc,CAB
Cablevision Systems Cor,CVC
Cabot Corp,CBT
Cabot Microelectronics,CCMP
Cabot Oil & Gas Corp,COG
Caci International Inc,CACI
Cadence Design Systems,CDNS
Cadence Pharmaceuticals,CADX
Cadiz Inc,CDZI
Caesars Entmt Corp,CZR
Cafepress Inc,PRSS
Cai International Inc,CAP
Cal Dive Intl Inc,DVR
Cal Maine Foods Inc,CALM
Calamos Asset Mgmt Inc,CLMS
Calamp Corp,CAMP
Calavo Growers Inc,CVGW
Calgon Carbon Corp,CCC
California First Natl,CFNB
California Wtr Svc Grp,CWT
Calix Inc,CALX
Callaway Golf Co,ELY
Callidus Software Inc,CALD
Callon Petroleum Co,CPE
Calpine Corp,CPN
Cambrex Corp,CBM
Camden National Corp,CAC
Camden Property Trust,CPT
Cameron Intl Corp,CAM
Campbell Soup Co,CPB
Campus Crest Cmntys Inc,CCG
Cantel Medical Corp,CMN
Cape Bancorp Inc,CBNJ
Capella Education Co,CPLA
Capital Bk Corp,CBKN
Capital City Bank Group,CCBG
Capital One Financial,COF
Capital Senior Living,CSU
Capital Southwest Corp,CSWC
Capitalsource Inc,CSE
Capitol Federal Finl In,CFFN
Caplease Inc,LSE
Capstead Mortgage Corp,CMO
Capstone Turbine Corp,CPST
Carbo Ceramics Inc,CRR
Carbonite Inc,CARB
Cardinal Financial Corp,CFNL
Cardinal Health Inc,CAH
Cardiovascular Sys Inc,CSII
Cardtronics Inc,CATM
Career Education Corp,CECO
Carefusion Corp,CFN
Caribou Coffee Co Inc,CBOU
Carlisle Cos Inc,CSL
Carmax Inc,KMX
Carmike Cinemas Inc,CKEC
Carnival Corp,CCL
Carpenter Technology,CRS
Carriage Services Inc,CSV
Carrizo Oil & Gas Inc,CRZO
Carrols Restaurant Grp,TAST
Carter Inc,CRI
Cascade Bancorp,CACB
Cascade Corp,CASC
Casella Waste Systems,CWST
Caseys General Stores,CASY
Cash America Intl Inc,CSH
Cass Information System,CASS
Castle A M & Co,CAS
Casual Male Retail Grou,CMRG
Catalyst Hlth Solutions,CHSI
Caterpillar Inc,CAT
Cathay General Bancorp,CATY
Cato Corp,CATO
Cavco Industries Inc,CVCO
Cavium Inc,CAVM
Cbeyond Inc,CBEY
Cbiz Inc,CBZ
Cbl & Assoc Pptys Inc,CBL
Cboe Hldgs Inc,CBOE
Cbre Group Inc,CBG
Cbs Corporation,CBS
Cdi Corp,CDI
Cec Entmt Inc,CEC
Ceco Environmental Corp,CECE
Cedar Realty Trust Inc,CDR
Celadon Group Inc,CGI
Celanese Corp,CE
Celgene Corp,CELG
Celldex Therapeutics In,CLDX
Cempra Inc,CEMP
Centene Corp,CNC
Center Bancorp Inc,CNBC
Centerpoint Energy Inc,CNP
Centerstate Banks Inc,CSFL
Central European Distri,CEDC
Central European Media,CETV
Central Garden & Pet Co,CENTA
Central Pacific Finl,CPF
Central Vermont Pub Svc,CV
Century Aluminum Co,CENX
Century Bancorp Inc,CNBKA
Centurylink Inc,CTL
Cenveo Inc,CVO
Cepheid Inc,CPHD
Ceradyne Inc,CRDN
Ceres Inc,CERE
Cerner Corp,CERN
Cerus Corp,CERS
Ceva Inc,CEVA
Cf Industries Holdings,CF
Ch Energy Group Inc,CHG
Charles River Labs Intl,CRL
Chart Industries Inc,GTLS
Charter Comm Inc,CHTR
Charter Finl Corp West,CHFN
Chase Corp,CCF
Chatham Lodging Tr,CLDT
Checkpoint Systems Inc,CKP
Cheesecake Factory Inc,CAKE
Chefs' Wharehouse Inc,CHEF
Chemed Corporation,CHE
Chemical Financial Corp,CHFC
Chemocentryx Inc,CCXI
Chemtura Corp,CHMT
Cheniere Energy Inc,LNG
Cherokee Inc,CHKE
Chesapeake Energy Corp,CHK
Chesapeake Lodging Trus,CHSP
Chesapeake Utilities,CPK
Chevron Corp,CVX
Chicago Bridge & Iron,CBI
Chicos Fas Inc,CHS
Childrens Place Retail,PLCE
Chimera Investment Corp,CIM
Chindex International,CHDX
Chipotle Mexican Grill,CMG
Chiquita Brands Intl In,CQB
Choice Hotels Intl Inc,CHH
Chubb Corp,CB
Church & Dwight Inc,CHD
Churchill Downs Inc,CHDN
Ciber Inc,CBR
Ciena Corp,CIEN
Cifc Corp,DFR
Cigna Corp,CI
Cimarex Energy Co,XEC
Cincinnati Bell Inc,CBB
Cincinnati Financial,CINF
Cinemark Holdings Inc,CNK
Cintas Corp,CTAS
Circor International In,CIR
Cirrus Logic Inc,CRUS
Cisco Systems Inc,CSCO
Cit Group Inc,CIT
Citi Trends Inc,CTRN
Citigroup Inc,C
Citizens & Northern Cor,CZNC
Citizens Inc,CIA
Citizens Republic Banc,CRBC
Citrix Systems Inc,CTXS
City Holding Co,CHCO
City National Corp,CYN
Clarcor Inc,CLC
Clean Energy Fuels Corp,CLNE
Clean Harbors Inc,CLH
Clear Channel Outdoor,CCO
Clearwater Paper Corp,CLW
Clearwire Corp,CLWR
Cleco Corp,CNL
Cliffs Natural Resource,CLF
Clifton Svgs Bancorp In,CSBK
Clorox Co,CLX
Cloud Peak Energy Inc,CLD
Clovis Oncology Inc,CLVS
Cme Group Inc,CME
Cms Energy Corp,CMS
Cna Financial Corp,CNA
Cnb Finl Corp Pa,CCNE
Cnh Global N V,CNH
Cno Financial Group,CNO
Coach Inc,COH
Cobalt Intl Energy,CIE
Cobiz Financial Inc,COBZ
Coca Cola Bottling,COKE
Coca Cola Co,KO
Coca Cola Enterprise,CCE
Codexis Inc,CDXS
Coeur D Alene Mines Cor,CDE
Cogent Communications,CCOI
Cognex Corp,CGNX
Cognizant Tech Solution,CTSH
Cohen & Steers Inc,CNS
Coherent Inc,COHR
Cohu Inc,COHU
Coinstar Inc,CSTR
Cole Kenneth Prodtns,KCP
Coleman Cable Inc,CCIX
Colfax Corp,CFX
Colgate Palmolive Co,CL
Collective Brands Inc,PSS
Collectors Universe Inc,CLCT
Colonial Properties Tr,CLP
Colony Financial Inc,CLNY
Columbia Bkg System Inc,COLB
Columbia Sportswear Co,COLM
Columbus Mckinnon Corp,CMCO
Comcast Corp,CMCSA
Comerica Inc,CMA
Comfort Systems Usa Inc,FIX
Commerce Bancshares Inc,CBSH
Commercial Metals Co,CMC
Commercial Veh Group In,CVGI
Commonwealth Reit,CWH
Community Bank Systems,CBU
Community Health System,CYH
Community Trust Bancorp,CTBI
Commvault Systems Inc,CVLT
Compass Minerals Intl,CMP
Computer Programs & Sys,CPSI
Computer Sciences Corp,CSC
Computer Task Group Inc,CTGX
Compuware Corp,CPWR
Compx International,CIX
Comscore Inc,SCOR
Comstock Resources Inc,CRK
Comtech Telecomm,CMTL
Comverse Technology Inc,CMVT
Conagra Foods Inc,CAG
Conceptus Inc,CPTS
Concho Resources Inc,CXO
Concur Technologies Inc,CNQR
Conmed Corp,CNMD
Connecticut Water Svc,CTWS
Conns Inc,CONN
Conocophillips,COP
Consol Energy Inc,CNX
Consolidated Comm,CNSL
Consolidated Edison Inc,ED
Consolidated Graphic,CGX
Consolidated Tomoka Lan,CTO
Consolidated Water Co,CWCO
Constant Contact Inc,CTCT
Constellation Brands,STZ
Contango Oil & Gas Co,MCF
Continental Resources I,CLR
Convergys Corp,CVG
Con-Way Inc,CNW
Cooper Companies Inc,COO
Cooper Industries Plc,CBE
Cooper Tire & Rubber Co,CTB
Copa Holdings Sa,CPA
Copart Inc,CPRT
Corcept Therapeutics In,CORT
Core Mark Holding Co In,CORE
Corelogic Inc,CLGX
Coresite Realty Corp,COR
Corinthian Colleges Inc,COCO
Cornerstone Ondemand In,CSOD
Cornerstone Therapeutic,CRTX
Corning Inc,GLW
Coronado Biosciences In,CNDO
Corporate Executive,EXBD
Corporate Office Pptys,OFC
Corrections Corp Of Ame,CXW
Corvel Corp,CRVL
Cost Plus Inc,CPWM
Costar Group Inc,CSGP
Costco Wholesale Corp,COST
Courier Corp,CRRC
Cousins Properties Inc,CUZ
Covance Inc,CVD
Covanta Holding Corp,CVA
Coventry Health Care,CVH
Covidien Plc,COV
Cowen Group Inc,COWN
Cpi Aerostructures Inc,CVU
Cra International Inc,CRAI
Cracker Barrel Store,CBRL
Craft Brew Alliance,BREW
Crane Co,CR
Crawford & Co,CRD.B
Cray Inc,CRAY
Credit Accep Corp Mich,CACC
Credo Petroleum Corp,CRED
Cree Inc,CREE
Crescent Finl Bancshare,CRFN
Crexus Investment Corp,CXS
Crimson Exploration Inc,CXPO
Crocs Inc,CROX
Cross A T Co,ATX
Cross Country Healthcar,CCRN
Crosstex Energy Inc,XTXI
Crown Castle Intl Corp,CCI
Crown Holdings Inc,CCK
Crown Media Holdings In,CRWN
Cryolife Inc,CRY
Csg Systems Intl Inc,CSGS
Css Industries Inc,CSS
Csx Corp,CSX
Cts Corp,CTS
Cubesmart,CUBE
Cubic Corp,CUB
Cubist Pharmaceuticals,CBST
Cullen Frost Bankers,CFR
Culp Inc,CFI
Cumberland Pharm,CPIX
Cummins Inc,CMI
Cumulus Media Inc,CMLS
Curis Inc,CRIS
Curtiss Wright Corp,CW
Cvb Financial Corp,CVBF
Cvr Energy Inc,CVI
Cvs/Caremark Corp,CVS
Cyberonics Inc,CYBX
Cymer Inc,CYMI
Cynosure Inc,CYNO
Cypress Semiconductor,CY
Cys Investments Inc,CYS
Cytec Industries Inc,CYT
Cytori Therapeutics Inc,CYTX
D R Horton Inc,DHI
Daily Journal Corp,DJCO
Daktronics Inc,DAKT
Dana Holding Corp,DAN
Danaher Corp,DHR
Darden Restaurants Inc,DRI
Darling International,DAR
Datalink Corp,DTLK
Davita Inc,DVA
Dawson Geophysical Co,DWSN
Dct Industrial Trust In,DCT
Ddr Corp,DDR
Dealertrack Holdings In,TRAK
Dean Foods Company,DF
Deckers Outdoor Corp,DECK
Deere & Co,DE
Delek Us Hldgs Inc,DK
Dell Inc,DELL
Delphi Automotive Plc,DLPH
Delta Air Lines Inc Del,DAL
Delta Apparel Inc,DLA
Delta Natural Gas Inc,DGAS
Deltek Inc,PROJ
Deltic Timber Corp,DEL
Deluxe Corp,DLX
Demand Media Inc,DMD
Demandware Inc,DWRE
Denbury Resources Inc,DNR
Dendreon Corp,DNDN
Dennys Corp,DENN
Dentsply International,XRAY
Depomed Inc,DEPO
Derma Sciences Inc,DSCI
Destination Maternity,DEST
Devon Energy Corp,DVN
Devry Inc,DV
Dexcom Inc,DXCM
Dfc Global Corp,DLLR
Dial Global Inc,DIAL
Diamond Foods Inc,DMND
Diamond Hill Investment,DHIL
Diamond Offshr Drilling,DO
Diamondrock Hospitality,DRH
Dice Holdings Inc,DHX
Dicks Sporting Goods In,DKS
Diebold Inc,DBD
Digi Intl Inc,DGII
Digimarc Corporation,DMRC
Digital Domain Media Gr,DDMG
Digital Generation Inc,DGIT
Digital Realty Trust In,DLR
Digital River Inc,DRIV
Digitalglobe Inc,DGI
Dillards Inc,DDS
Dime Cmnty Bancshares,DCOM
Dineequity Inc,DIN
Diodes Inc,DIOD
Directv Group Inc,DTV
Discover Financial Srvc,DFS
Discovery Communicatns,DISCA
Discovery Laboratories,DSCO
Dish Network Corp,DISH
Disney Walt Co,DIS
Dolan Company,DM
Dolby Laboratories Inc,DLB
Dole Food Co Inc,DOLE
Dollar General Corp,DG
Dollar Thrifty Auto,DTG
Dollar Tree Inc,DLTR
Dominion Resources Inc,D
Dominos Pizza Inc,DPZ
Domtar Corporation,UFS
Donaldson Inc,DCI
Donegal Group Inc,DGICA
Donnelley R R & Sons Co,RRD
Doral Financial Corp,DRL
Dorman Products Inc,DORM
Douglas Dynamics Inc,PLOW
Douglas Emmett Inc,DEI
Dover Corp,DOV
Dow Chemical Co,DOW
Dr Pepper Snapple Group,DPS
Dreamworks Animation Sk,DWA
Dresser-Rand Group Inc,DRC
Drew Industries Inc,DW
Dril-Quip Inc,DRQ
Dsp Group Inc,DSPG
Dst Systems Inc,DST
Dsw Inc,DSW
Dte Energy Co,DTE
Dts Inc,DTSI
Du Pont E I De Nemours,DD
Duff & Phelps Corp,DUF
Duke Energy Corp,DUK
Duke Realty Corp,DRE
Dun & Bradstreet Corp,DNB
Dunkin Brands Group Inc,DNKN
Dupont Fabros Technolog,DFT
Dusa Pharmaceuticals In,DUSA
Dxp Enterprises Inc New,DXPE
Dyax Corp,DYAX
Dycom Industries Inc,DY
Dynamic Materials Corp,BOOM
Dynavax Technologies,DVAX
Dynex Capital Inc,DX
E M C Corp,EMC
E Trade Financial Corp,ETFC
Eagle Bancorp Inc,EGBN
Eagle Materials Inc,EXP
Earthlink Inc,ELNK
East West Bancorp Inc,EWBC
Eastern Co,EML
Eastern Insurance Hldgs,EIHI
Eastgroup Properties In,EGP
Eastman Chemical Co,EMN
Easylink Services Intl,ESIC
Eaton Corp,ETN
Eaton Vance Corp,EV
Ebay Inc,EBAY
Ebix Inc,EBIX
Echelon Corp,ELON
Echo Global Logistics,ECHO
Echostar Corp,SATS
Ecolab Inc,ECL
Edelman Financial Group,EF
Edgen Group Inc,EDG
Edison International,EIX
Education Mgmt Corp,EDMC
Education Realty Trust,EDR
Edwards Lifesciences,EW
Ehealth Inc,EHTH
Einstein Noah Rest Grou,BAGL
El Paso Electric Co,EE
Electro Rent Corp,ELRC
Electro Scientific Inds,ESIO
Electronic Arts Inc,EA
Electronics For Imaging,EFII
Elizabeth Arden Inc,RDEN
Ellie Mae Inc,ELLI
Ellis Perry Intl Inc,PERY
Emc Ins Group Inc,EMCI
Emcor Group Inc,EME
Emergent Biosolutions,EBS
Emeritus Corp,ESC
Emerson Electric Co,EMR
Empire District Electri,EDE
Employers Holdings Inc,EIG
Emulex Corp,ELX
Encore Bancshares Inc,EBTX
Encore Capital Group In,ECPG
Encore Wire Corp,WIRE
Endeavour International,END
Endo Health Solutions,ENDP
Endocyte Inc,ECYT
Endologix Inc,ELGX
Endurance Specialty Hld,ENH
Energen Corp,EGN
Energizer Holdings Inc,ENR
Energy Partners Ltd,EPL
Energy Recovery Inc,ERII
Energy Xxi (Bermuda) Lt,EXXI
Energysolutions Inc,ES
Enernoc Inc,ENOC
Enersys Inc,ENS
Ennis Inc,EBF
Enphase Energy Inc,ENPH
Enpro Industries Inc,NPO
Ensign Group Inc,ENSG
Enstar Group Limited,ESGR
Entegris Inc,ENTG
Entercom Communications,ETM
Entergy Corp,ETR
Enteromedics Inc,ETRM
Enterprise Bancorp Inc,EBTC
Enterprise Finl Service,EFSC
Entertainment Pptys Tr,EPR
Entravision Comm,EVC
Entropic Communications,ENTR
Envestnet Inc,ENV
Envivio Inc,ENVI
Enzon Pharmaceuticals,ENZN
Eog Resources Inc,EOG
Epam Systems Inc,EPAM
Epiq Systems Inc,EPIQ
Eplus Inc,PLUS
Epoch Holding Corp,EPHC
Epocrates Inc,EPOC
Eqt Corporation,EQT
Equifax Inc,EFX
Equinix Inc,EQIX
Equity Lifestyle Prop,ELS
Equity One Inc,EQY
Equity Residential,EQR
Eresearchtechnology Inc,ERT
Erie Indemnity Co,ERIE
Esb Financial Corp,ESBF
Esco Technologies Inc,ESE
Essa Bancorp Inc,ESSA
Essex Property Trust In,ESS
Estee Lauder Companies,EL
Esterline Technologies,ESL
Ethan Allen Interiors,ETH
Euronet Worldwide Inc,EEFT
Everbank Finl Corp,EVER
Evercore Partners,EVR
Everest Re Group Ltd,RE
Evolution Petroleum Cor,EPM
Exact Sciences Corp,EXAS
Exactech Inc,EXAC
Exacttarget Inc,ET
Examworks Group Inc,EXAM
Exar Corp,EXAR
Excel Tr Inc,EXL
Exco Resources Inc,XCO
Exelis Inc,XLS
Exelixis Inc,EXEL
Exelon Corp,EXC
Exide Technologies,XIDE
Exlservice Holdings Inc,EXLS
Expedia Inc,EXPE
Expeditors Intl Of Wash,EXPD
Exponent Inc,EXPO
Express Inc,EXPR
Express Scripts Hold Co,ESRX
Exterran Holdings Inc,EXH
Extra Space Storage Inc,EXR
Extreme Networks Inc,EXTR
Exxon Mobil Corp,XOM
Ezcorp Inc,EZPW
F N B United Corp,FNBN
F5 Networks Inc,FFIV
Fabrinet,FN
Facebook Inc,FB
Factset Research System,FDS
Fair Isaac Corp,FICO
Fairchild Semiconductor,FCS
Fairpoint Communication,FRP
Falconstor Software,FALC
Family Dollar Stores,FDO
Farmer Bros Co,FARM
Farmers Natl Banc Corp,FMNB
Faro Technologies Inc,FARO
Fastenal Co,FAST
Fbl Financial Group Inc,FFG
Fbr & Co,FBRC
Federal Agric Mtg Co,AGM
Federal Mogul Corp,FDML
Federal Realty Invt,FRT
Federal Signal Corp,FSS
Federated Investors Inc,FII
Fedex Corp,FDX
Fei Co,FEIC
Felcor Lodging Trust In,FCH
Female Health Co,FHCO
Ferro Corp,FOE
Fidelity National Finl,FNF
Fidelity Natl Info Svcs,FIS
Fidelity Southern Corp,LION
Fidus Investment Corp,FDUS
Fiesta Restaurant Group,FRGI
Fifth & Pacific Co Inc,FNP
Fifth Street Finance,FSC
Fifth Third Bancorp,FITB
Financial Engines Inc,FNGN
Financial Instns Inc,FISI
Finisar Corp,FNSR
Finish Line Inc,FINL
First American Finl Cor,FAF
First Bancorp Inc,FNLC
First Bancorp Nc,FBNC
First Bancorp Pr,FBP
First Busey Corp,BUSE
First California Finl G,FCAL
First Cash Financial,FCFS
First Citizens Bancshrs,FCNCA
First Cmnty Bancshar,FCBC
First Commonwlth Finl,FCF
First Conn Bancorp Inc,FBNK
First Defiance Financia,FDEF
First Fed Bancshares Ar,FFBH
First Financial Bancorp,FFBC
First Financial Corp,THFF
First Financial Holding,FFCH
First Finl Bankshares,FFIN
First Finl Northwest,FFNW
First Horizon Natl Corp,FHN
First Industrial Rlty T,FR
First Intst Bancsystem,FIBK
First Long Island Corp,FLIC
First Marblehead Corp,FMD
First Merchants Corp,FRME
First Midwest Bancorp,FMBI
First Niagara Finl Grp,FNFG
First Pactrust Bancorp,BANC
First Potomac Realty Tr,FPO
First Rep Bk San Fran,FRC
First Solar Inc,FSLR
First Use: June,2011
Firstenergy Corp,FE
Firsthand Tech Value,SVVC
Firstmerit Corp,FMER
Fiserv Inc,FISV
Fisher Communications,FSCI
Five Star Quality Care,FVE
Flagstone Reinsurance,FSR
Fleetcor Technologies,FLT
Flexsteel Industries In,FLXS
Flir Systems Inc,FLIR
Flotek Inds Inc Del,FTK
Flow Intl Corp,FLOW
Flowers Foods Inc,FLO
Flowserve Corp,FLS
Fluidigm Corp,FLDM
Fluor Corp,FLR
Flushing Financial Corp,FFIC
Fmc Corp,FMC
Fmc Technologies Inc,FTI
Fnb Corp,FNB
Foot Locker Inc,FL
For More Information About Russell Indexes Call Us Or Visit,www.russell.com/indexes.
Forbes Energy Svcs Ltd,FES
Ford Motor Co,F
Forest City Entrprs,FCE.A
Forest Labs Inc,FRX
Forest Oil Corp,FST
Forestar Group Inc,FOR
Formfactor Inc,FORM
Forrester Research Inc,FORR
Fortegra Financial Corp,FRF
Fortinet Inc,FTNT
Fortune Brds Home & Sec,FBHS
Forum Energy Tech,FET
Forward Air Corp,FWRD
Fossil Inc,FOSL
Foster L B Co,FSTR
Fox Chase Bancorp,FXCB
Francescas Holdings Cor,FRAN
Franklin Covey Co,FC
Franklin Electric Co,FELE
Franklin Finl Corp Va,FRNK
Franklin Resources Inc,BEN
Franklin Street Pptys C,FSP
Freds Inc,FRED
Freeport-Mcmoran C&G,FCX
Freescale Semiconductor,FSL
Freightcar America Inc,RAIL
Fresh Del Monte Produce,FDP
Fresh Market Inc,TFM
Frischs Restaurants Inc,FRS
Frontier Communications,FTR
Frontline Ltd,FRO
Fsi Intl Inc,FSII
Fti Consulting Inc,FCN
Fuel Systems Solutions,FSYS
Fuelcell Energy Inc,FCEL
Fuller H B Co,FUL
Fulton Financial Corp,FULT
Furiex Pharmaceuticals,FURX
Furmanite Corp,FRM
Fusion-Io Inc,FIO
Futurefuel Corporation,FF
Fx Alliance Inc,FX
Fx Energy Inc,FXEN
Fxcm Inc,FXCM
G&K Services Inc,GKSR
Gain Capital Hldngs Inc,GCAP
Gallagher Arthur J & Co,AJG
Gamco Investors Inc,GBL
Gamestop Corp,GME
Gannett Inc,GCI
Gap Inc,GPS
Gardner Denver Inc,GDI
Garmin Ltd,GRMN
Gartner Inc,IT
Gaslog Ltd,GLOG
Gastar Expl Ltd,GST
Gatx Corp,GMT
Gaylord Entmt Co,GET
Geeknet Inc,GKNT
Genco Shipping & Tradin,GNK
Gencorp Inc,GY
Generac Holdings Inc,GNRC
General Cable Corp,BGC
General Communication,GNCMA
General Dynamics Corp,GD
General Electric Co,GE
General Growth Pptys In,GGP
General Mills Inc,GIS
General Moly Inc,GMO
General Mtrs Co,GM
Genesco Inc,GCO
Genesee & Wyoming Inc,GWR
Genie Energy Ltd,GNE
Genomic Health Inc,GHDX
Genon Energy Inc,GEN
Genpact Ltd,G
Gen-Probe Inc,GPRO
Gentex Corp,GNTX
Gentiva Health Services,GTIV
Genuine Parts Co,GPC
Genworth Financial Inc,GNW
Geo Group Inc,GEO
Geoeye Inc,GEOY
Georesources Inc,GEOI
Georgia Gulf Corp,GGC
German American Bancorp,GABC
Geron Corp,GERN
Getty Realty Corp,GTY
Gevo Inc,GEVO
Gfi Group Inc,GFIG
Gibraltar Industries In,ROCK
G-Iii Apparel Group Ltd,GIII
Gilead Sciences Inc,GILD
Glacier Bancorp Inc,GBCI
Gladstone Capital Corp,GLAD
Gladstone Commercial,GOOD
Gladstone Investment,GAIN
Glatfelter,GLT
Glimcher Realty Trust,GRT
Global Cash Access Inc,GCA
Global Geophysical Svcs,GGS
Global Indemnity Plc,GBLI
Global Payments Inc,GPN
Global Power Equipment,GLPW
Global Sources Ltd,GSOL
Globe Specialty Metals,GSM
Globecomm Systems Inc,GCOM
Glu Mobile Inc,GLUU
Gnc Hldgs Inc,GNC
Golar Lng Ltd Bermuda,GLNG
Gold Resource Corp,GORO
Gold Resv Inc,GRZ
Golden Minerals Co,AUMN
Golden Star Res Ltd Cda,GSS
Goldman Sachs Group Inc,GS
Golub Cap Bdc Inc,GBDC
Goodrich Corp,GR
Goodrich Petroleum Corp,GDP
Goodyear Tire & Rubber,GT
Google Inc,GOOG
Gordmans Stores Inc,GMAN
Gorman Rupp Co,GRC
Government Ppty Income,GOV
Gp Strategies Corp,GPX
Grace W R & Co,GRA
Graco Inc,GGG
Graftech Intl Ltd,GTI
Graham Corp,GHM
Grainger W W Inc,GWW
Gramercy Capital Corp,GKK
Grand Canyon Education,LOPE
Granite Constr Inc,GVA
Graphic Packaging Hldg,GPK
Great Lakes Dredge & Do,GLDD
Great Plains Energy Inc,GXP
Great Southern Bancorp,GSBC
Greatbatch Inc,GB
Green Bankshares Inc,GRNB
Green Dot Corp,GDOT
Green Mtn Coffee Roaste,GMCR
Green Plains Renewable,GPRE
Greenbrier Companies In,GBX
Greenhill & Co Inc,GHL
Greenlight Capital Re L,GLRE
Greenway Med Tech Inc,GWAY
Greif Inc,GEF
Griffin Land & Nurserie,GRIF
Griffon Corp,GFF
Group 1 Automotive Inc,GPI
Groupon Inc,GRPN
Gse Holding Inc,GSE
Gsi Group Inc Cda New,GSIG
Gsi Technology,GSIT
Gsv Capital Corp,GSVC
Gt Advanced Technologie,GTAT
Gtx Inc,GTXI
Guaranty Bancorp,GBNK
Guess Inc,GES
Guidance Software Inc,GUID
Guidewire Software Inc,GWRE
Gulf Island Fabrication,GIFI
Gulfmark Offshore Inc,GLF
Gulfport Energy Corp,GPOR
Gyrodyne Co Amer Inc,GYRO
H&E Equipment Services,HEES
Hackett Group Inc,HCKT
Haemonetics Corp,HAE
Hain Celestial Group,HAIN
Halcon Resources Corp,HK
Hallador Energy Co,HNRG
Halliburton Co,HAL
Hallmark Finl Svcs Inc,HALL
Halozyme Therapeutics,HALO
Hancock Holding Co,HBHC
Handy & Harman Hldgs Lt,HNH
Hanesbrand Inc,HBI
Hanger Inc,HGR
Hanmi Financial Corp,HAFC
Hanover Insurance Group,THG
Hansen Medical Inc,HNSN
Harbinger Group Inc,HRG
Hardinge Inc,HDNG
Harley Davidson Inc,HOG
Harman International In,HAR
Harmonic Inc,HLIT
Harris & Harris Group,TINY
Harris Corp,HRS
Harris Teeter Supermkts,HTSI
Harsco Corp,HSC
Harte Hanks Inc,HHS
Hartford Finl Svcs Grp,HIG
Harvard Bioscience Inc,HBIO
Harvest Natural Res,HNR
Hasbro Inc,HAS
Hatteras Finl Corp,HTS
Haverty Furniture Inc,HVT
Hawaiian Electric Inds,HE
Hawaiian Holdings Inc,HA
Hawaiian Telcom Holdco,HCOM
Hawkins Inc,HWKN
Haynes International In,HAYN
Hca Holdings Inc,HCA
Hcc Insurance Hldgs In,HCC
Hcp Inc,HCP
Headwaters Inc,HW
Health Care Reit Inc,HCN
Health Mgmt Assoc Inc,HMA
Health Net Inc,HNT
Healthcare Realty Trust,HR
Healthcare Svcs Grp Inc,HCSG
Healthsouth Corp,HLS
Healthstream Inc,HSTM
Healthways Inc,HWAY
Heartland Express Inc,HTLD
Heartland Financial Usa,HTLF
Heartland Payment Sys,HPY
Heartware Intl Inc,HTWR
Heckmann Corp,HEK
Hecla Mining Co,HL
Heico Corp,HEI
Heidrick & Struggles,HSII
Heinz H J Co,HNZ
Helen Of Troy Ltd,HELE
Helix Energy Solutions,HLX
Helmerich & Payne Inc,HP
Henry Jack & Associates,JKHY
Herbalife Ltd,HLF
Hercules Offshore Inc,HERO
Hercules Technology Gr,HTGC
Heritage Commerce Corp,HTBK
Heritage Cryl Clean Inc,HCCI
Heritage Financial Corp,HFWA
Heritage Financial Grou,HBOS
Heritage Oaks Bancorp,HEOP
Herman Miller Inc,MLHR
Hersha Hospitality Trus,HT
Hershey Company,HSY
Hertz Global Holdings,HTZ
Hess Corp,HES
Hewlett Packard Co,HPQ
Hexcel Corp,HXL
Hff Inc,HF
Hhgregg Inc,HGG
Hibbett Sports Inc,HIBB
Hickory Tech Corp,HTCO
Higher One Hldgs Inc,ONE
Highwoods Properties In,HIW
Hill International Inc,HIL
Hillenbrand Inc,HI
Hill-Rom Holdings Inc,HRC
Hilltop Holdings Inc,HTH
Hingham Instn Svgs Mass,HIFS
Hi-Tech Pharmacal Co In,HITK
Hittite Microwave Corp,HITT
Hms Holdings Corp,HMSY
Hni Corporation,HNI
Hollyfrontier Corp,HFC
Hologic Inc,HOLX
Home Bancorp Inc,HBCP
Home Bancshares Inc,HOMB
Home Depot Inc,HD
Home Federal Bancorp,HOME
Home Loan Servicing Sol,HLSS
Home Properties Inc,HME
Homeaway Inc,AWAY
Homeowners Choice Inc,HCII
Homestreet Inc,HMST
Honeywell International,HON
Hooker Furniture Corp,HOFT
Horace Mann Educators,HMN
Horizon Bancorp Ind,HBNC
Horizon Pharma Inc,HZNP
Horizon Tech Fin Corp,HRZN
Hormel Foods Corp,HRL
Hornbeck Offshore Svcs,HOS
Horsehead Holding Corp,ZINC
Hospira Inc,HSP
Hospitality Pptys Trust,HPT
Host Hotels & Resorts,HST
Hot Topic Inc,HOTT
Houston Wire & Cable,HWCC
Hovnanian Enterprises,HOV
Howard Hughes Corp,HHC
Hsn Inc,HSNI
Hub Group Inc,HUBG
Hubbell Inc,HUB.B
Hudson City Bancorp,HCBK
Hudson Global Inc,HSON
Hudson Pac Pptys Inc,HPP
Hudson Valley Holding,HVB
Human Genome Sciences,HGSI
Humana Inc,HUM
Hunt J B Trans Svcs,JBHT
Huntington Bancshares,HBAN
Huntington Ingalls Ind,HII
Huntsman Corp,HUN
Hurco Companies Inc,HURC
Huron Consulting Group,HURN
Hyatt Hotels Corp,H
Iac Interactivecorp,IACI
Iberiabank Corp,IBKC
Icf International Inc,ICFI
Icg Group Inc,ICGE
Iconix Brand Group Inc,ICON
Icu Medical Inc,ICUI
Idacorp Inc,IDA
Idenix Pharmaceuticals,IDIX
Idex Corp,IEX
Idexx Labs Inc,IDXX
Idt Corp,IDT
Igate Corp,IGTE
Ignite Restaurant Group,IRG
Ihs Inc,IHS
Ii Vi Inc,IIVI
Illinois Tool Works Inc,ITW
Illumina Inc,ILMN
Imation Corp,IMN
Immersion Corp,IMMR
Immunocellular Therapeu,IMUC
Immunogen Inc,IMGN
Immunomedics Inc,IMMU
Impax Laboratories Inc,IPXL
Imperva Inc,IMPV
Incontact Inc,SAAS
Incyte Corp,INCY
Independence Holding Co,IHC
Independent Bank Ma,INDB
Indexes Are Unmanaged And Cannot Be Invested In,directly.
Infinera Corp,INFN
Infinity Pharmaceutical,INFI
Infinity Ppty & Cas Cor,IPCC
Infoblox Inc,BLOX
Informatica Corp,INFA
Ingersoll-Rand Plc,IR
Ingles Markets Inc,IMKTA
Ingram Micro Inc,IM
Ingredion Inc,INGR
Inland Real Estate Corp,IRC
Innerworkings Inc,INWK
Innodata Inc,INOD
Innophos Holdings Inc,IPHS
Innospec Inc,IOSP
Inphi Corp,IPHI
Insight Enterprises Inc,NSIT
Insperity Inc,NSP
Insteel Industries Inc,IIIN
Insulet Corp,PODD
Integra Lifesciences,IART
Integramed Amer Inc,INMD
Integrated Device Tech,IDTI
Integrated Silicon S,ISSI
Integrys Energy Group,TEG
Intel Corp,INTC
Inter Parfums Inc,IPAR
Interactive Brokers Gro,IBKR
Interactive Intelligenc,ININ
Intercontinentalexchang,ICE
Interdigital Inc,IDCC
Interface Inc,IFSIA
Interline Brands Inc,IBI
Intermec Inc,IN
Intermolecular Inc,IMI
Intermune Inc,ITMN
Internap Network Svcs C,INAP
International Bancshare,IBOC
International Paper Co,IP
International Rectifier,IRF
International Speedway,ISCA
Interpublic Group Of Co,IPG
Intersections Inc,INTX
Intersil Corp,ISIL
Interval Leisure Grp In,IILG
Intevac Inc,IVAC
Intl Business Machines,IBM
Intl Fcstone Inc,INTL
Intl Flavors & Fragranc,IFF
Intl Game Technology,IGT
Intl Shipholding Corp,ISH
Intralinks Hldgs Inc,IL
Intrepid Potash Inc,IPI
Intuit,INTU
Intuitive Surgical Inc,ISRG
Invacare Corp,IVC
Invensense Inc,INVN
Inventure Foods Inc,SNAK
Invesco Ltd,IVZ
Invesco Mortgage Cap,IVR
Investment Technology,ITG
Investors Bancorp Inc,ISBC
Investors Real Estate T,IRET
Investors Title Co,ITIC
Ion Geophysical Corp,IO
Ipass Inc,IPAS
Ipc The Hospitalist Co,IPCM
Ipg Photonics Corp,IPGP
Iridium Communications,IRDM
Iris International Inc,IRIS
Irobot Corp,IRBT
Iron Mountain Inc,IRM
Ironwood Pharmaceutical,IRWD
Isis Pharmaceuticals,ISIS
Isle Of Capri Casinos,ISLE
Isramco Inc,ISRL
Istar Financial Inc,SFI
Itc Holdings Corp,ITC
Itron Inc,ITRI
Itt Corporation,ITT
Itt Educational Svcs In,ESI
Ixia,XXIA
Ixys Corp,IXYS
J & J Snack Foods Co,JJSF
J2 Global Inc,JCOM
Jabil Circuit Inc,JBL
Jack In The Box Inc,JACK
Jacobs Engineering Grp,JEC
Jakks Pacific Inc,JAKK
Jamba Inc,JMBA
Janus Capital Group Inc,JNS
Jarden Corp,JAH
Jazz Pharmaceuticals Pl,JAZZ
Jda Software Group Inc,JDAS
Jds Uniphase Corp,JDSU
Jefferies Group Inc,JEF
Jetblue Airways Corp,JBLU
Jive Software Inc,JIVE
Jmp Group Inc,JMP
John Bean Tech Corp,JBT
Johnson & Johnson,JNJ
Johnson Controls Inc,JCI
Johnson Outdoors Inc,JOUT
Jones Lang Lasalle Inc,JLL
Jos A Bank Clothiers In,JOSB
Journal Communications,JRN
Joy Global Inc,JOY
Jpmorgan Chase & Co,JPM
Juniper Networks Inc,JNPR
K12 Inc,LRN
Kadant Inc,KAI
Kaiser Aluminum Corp,KALU
Kaiser Federal Fin Grp,KFFG
Kaman Corp,KAMN
Kansas City Life Ins Co,KCLI
Kansas City Southern,KSU
Kapstone Paper & Packag,KS
Kar Auction Services In,KAR
Kaydon Corp,KDN
Kb Home,KBH
Kbr Inc,KBR
Kbw Inc,KBW
Kearny Financial Corp,KRNY
Kellogg Co,K
Kelly Services Inc,KELYA
Kemet Corp,KEM
Kemper Corporation,KMPR
Kenexa Corp,KNXA
Kennametal Inc,KMT
Kennedy-Wilson Hldgs In,KW
Keryx Biopharmaceutical,KERX
Key Energy Services Inc,KEG
Key Tronics Corp,KTCC
Keycorp,KEY
Keynote Systems Inc,KEYN
Keyw Holding Corp,KEYW
Kforce Inc,KFRC
Kilroy Realty Corp,KRC
Kimball International,KBALB
Kimberly Clark Corp,KMB
Kimco Realty Corp,KIM
Kinder Morgan Inc Del,KMI
Kindred Healthcare Inc,KND
Kior Inc,KIOR
Kirby Corp,KEX
Kirklands Inc,KIRK
Kit Digital Inc,KITD
Kite Realty Group Trust,KRG
Kla-Tencor Corp,KLAC
Kmg Chemicals Inc,KMG
Knight Capital Group In,KCG
Knight Transportation,KNX
Knightsbridge Tankers,VLCCF
Knoll Inc,KNL
Knology Inc,KNOL
Kodiak Oil & Gas Corp,KOG
Kohlberg Capital Corp,KCAP
Kohls Corp,KSS
Kopin Corp,KOPN
Koppers Holdings Inc,KOP
Korn Ferry Internationa,KFY
Kosmos Energy Ltd,KOS
Kraft Foods Inc,KFT
Kraton Perf Polymers,KRA
Kratos Defense & Sec So,KTOS
Krispy Kreme Doughnuts,KKD
Kroger Co,KR
Kronos Worldwide Inc,KRO
K-Swiss Inc,KSWS
Kvh Industries Inc,KVHI
L-3 Communications Hldg,LLL
La Z Boy Inc,LZB
Laboratory Corp Of Amer,LH
Laclede Group Inc,LG
Ladenburg Thalman Fin,LTS
Lakeland Bancorp Inc,LBAI
Lakeland Financial Corp,LKFN
Lam Research Corp,LRCX
Lamar Advertising Co,LAMR
Lancaster Colony Corp,LANC
Landauer Inc,LDR
Landec Corp,LNDC
Landstar Systems Inc,LSTR
Lannett Co Inc,LCI
Laredo Pet Hldgs Inc,LPI
Las Vegas Sands Corp,LVS
Lasalle Hotel Propertie,LHO
Lattice Semiconductor,LSCC
Layne Christensen Co,LAYN
Lazard Ltd,LAZ
Leap Wireless Intl Inc,LEAP
Leapfrog Enterprises In,LF
Lear Corp,LEA
Lecroy Corp,LCRY
Legg Mason Inc,LM
Leggett & Platt Inc,LEG
Lender Processing Svcs,LPS
Lennar Corp,LEN
Lennox International In,LII
Leucadia National Corp,LUK
Level 3 Communications,LVLT
Lexicon Pharmaceuticals,LXRX
Lexington Realty Trust,LXP
Lexmark International,LXK
Lhc Group Inc,LHCG
Libbey Inc,LBY
Liberty Capital,LMCA
Liberty Global Inc,LBTYA
Liberty Interactive,LINTA
Liberty Property Trust,LRY
Life Technologies Corp,LIFE
Life Time Fitness Inc,LTM
Lifepoint Hospitals,LPNT
Lifetime Brands Inc,LCUT
Lifeway Foods Inc,LWAY
Ligand Pharmaceuticals,LGND
Lilly Eli & Co,LLY
Limelight Networks Inc,LLNW
Limited Brands Inc,LTD
Limoneira Co,LMNR
Lin Tv Corp,TVL
Lincare Holdings Inc,LNCR
Lincoln Educational Svs,LINC
Lincoln Electric Hldgs,LECO
Lincoln National Corp,LNC
Lindsay Corp,LNN
Linear Technology Co,LLTC
Linkedin Corp,LNKD
Lionbridge Technologies,LIOX
Lions Gate Entmnt Corp,LGF
Liquidity Services Inc,LQDT
Lithia Motors Inc,LAD
Littelfuse Inc,LFUS
Live Nation Ent Inc,LYV
Liveperson Inc,LPSN
Lkq Corp,LKQ
Lmi Aerospace Inc,LMIA
Lockheed Martin Corp,LMT
Loews Corp,L
Logmein Inc,LOGM
Loral Space & Comm,LORL
Lorillard Inc,LO
Louisiana Pacific Corp,LPX
Lowes Cos Inc,LOW
Lpl Financial Holdings,LPLA
Lsb Industries Inc,LXU
Lsi Corporation,LSI
Lsi Industries Inc,LYTS
Ltc Properties Inc,LTC
Ltx-Credence Corp,LTXC
Lubys Inc,LUB
Lufkin Industries Inc,LUFK
Lumber Liquidators Hldg,LL
Luminex Corp,LMNX
Lumos Networks Corp,LMOS
Lydall Inc,LDL
Lyondellbasell Inds,LYB
M & T Bank Corp,MTB
M/I Homes Inc,MHO
Ma Com Technology Sol,MTSI
Macerich Co,MAC
Mac-Gray Corp,TUC
Mack Cali Realty Corp,CLI
Macys Inc,M
Madden Steven Ltd,SHOO
Madison Square Garden,MSG
Magellan Health Svcs In,MGLN
Magicjack Vocaltec Ltd,CALL
Magnum Hunter Res Corp,MHR
Maiden Holdings Ltd,MHLD
Maidenform Brands Inc,MFB
Main Street Capital Cor,MAIN
Mainsource Financial Gr,MSFG
Mako Surgical Corp,MAKO
Manhattan Assocs Inc,MANH
Manitowoc Co Inc,MTW
Manning & Napier Inc,MN
Mannkind Corp,MNKD
Manpowergroup,MAN
Mantech International,MANT
Map Pharmaceuticals Inc,MAPP
Marathon Oil Corp,MRO
Marathon Petroleum Corp,MPC
Marchex Inc,MCHX
Marcus Corp,MCS
Marine Products Corp,MPX
Marinemax Inc,HZO
Markel Corp,MKL
Market Leader Inc,LEDR
Marketaxess Holdings In,MKTX
Marlin Business Svcs,MRLN
Marriott Intl Inc,MAR
Marriott Vac World Corp,VAC
Marsh & Mclennan Cos,MMC
Marten Trans Ltd,MRTN
Martha Stewart Living,MSO
Martin Marietta Mtls,MLM
Marvell Technology Grou,MRVL
Masco Corp,MAS
Masimo Corporation,MASI
Mastec Inc,MTZ
Mastercard Inc,MA
Matador Res Co,MTDR
Materion Corporation,MTRN
Matrix Service Co,MTRX
Mattel Inc,MAT
Mattersight Corp,MATR
Matthews International,MATW
Mattress Firm Hldg Corp,MFRM
Mattson Technology Inc,MTSN
Maxim Integrated Prods,MXIM
Maximus Inc,MMS
Maxlinear Inc,MXL
Maxwell Technologies In,MXWL
Maxygen Inc,MAXY
Mb Financial Inc,MBFI
Mbia Inc,MBI
Mcclatchy Co,MNI
Mccormick & Co Inc,MKC
Mcdermott Intl Inc,MDR
Mcdonalds Corp,MCD
Mcewen Mining Inc,MUX
Mcg Capital Corp,MCGC
Mcgrath Rentcorp,MGRC
Mcgraw Hill Cos Inc,MHP
Mckesson Corp,MCK
Mcmoran Exploration Co,MMR
Mdc Corp,MDCA
Mdc Holdings Inc,MDC
Mdu Resources Group Inc,MDU
Mead Johnson Nutrition,MJN
Meadowbrook Ins Group,MIG
Meadwestvaco Corp,MWV
Measurement Specialties,MEAS
Medallion Financial Cor,TAXI
Medassets Inc,MDAS
Medical Properties Trus,MPW
Medicines Co,MDCO
Medicis Pharmaceutical,MRX
Medidata Solutions Inc,MDSO
Medifast Inc,MED
Medivation Inc,MDVN
Mediware Information Sy,MEDW
Medley Capital Corp,MCC
Mednax Inc,MD
Medtox Scientific Inc,MTOX
Medtronic Inc,MDT
Meetme Inc,MEET
Memc Electric Materials,WFR
Mens Wearhouse Inc,MW
Mentor Graphics Corp,MENT
Mercantile Bank Corp,MBWM
Merchants Bancshares,MBVT
Merck & Co Inc,MRK
Mercury Computer System,MRCY
Mercury General Corp,MCY
Meredith Corp,MDP
Merge Healthcare Inc,MRGE
Meridian Bioscience Inc,VIVO
Meridian Interstate,EBSB
Merit Med Systems Inc,MMSI
Meritage Homes Corp,MTH
Meritor Inc,MTOR
Merrimack Pharmaceutica,MACK
Mesa Labs Inc,MLAB
Metalico Inc,MEA
Metals Usa Hldgs Corp,MUSA
Methode Electrs Inc,MEI
Metlife Inc,MET
Met-Pro Corp,MPR
Metro Bancorp Inc,METR
Metrocorp Bancshares In,MCBI
Metropcs Communications,PCS
Metropolitan Health Net,MDF
Mettler Toledo Intl Inc,MTD
Mfa Financial Inc,MFA
Mge Energy Inc,MGEE
Mgic Investment Corp,MTG
Mgm Resorts Intl,MGM
Michael Kors Hldgs Ltd,KORS
Micrel Inc,MCRL
Microchip Technology,MCHP
Microfinancial Inc,MFI
Micron Technology Inc,MU
Micros Systems Inc,MCRS
Microsemi Corp,MSCC
Microsoft Corp,MSFT
Microstrategy Inc,MSTR
Mid-Amer Apt Cmntys,MAA
Middleburg Financial,MBRG
Middleby Corp,MIDD
Middlesex Water Co,MSEX
Midsouth Bancorp Inc,MSL
Midstates Pete Co Inc,MPO
Midway Gold Corp,MDW
Midwestone Finl Group,MOFG
Millennial Media Inc,MM
Miller Energy Res Inc,MILL
Miller Industries Inc,MLR
Mindspeed Technologies,MSPD
Mine Safety Appliances,MSA
Minerals Technologies,MTX
Mips Technologies Inc,MIPS
Mission West Properties,MSW
Mistras Group Inc,MG
Mitcham Industries Inc,MIND
Mks Instruments Inc,MKSI
Mmodal Inc,MODL
Mobile Mini Inc,MINI
Modine Manufacturing Co,MOD
Moduslink Glb Solutions,MLNK
Mohawk Industries Inc,MHK
Molex Inc,MOLX
Molina Healthcare Inc,MOH
Molson Coors Brewing Co,TAP
Molycorp Inc,MCP
Momenta Pharmaceuticals,MNTA
Monarch Casino & Resort,MCRI
Moneygram International,MGI
Monmouth Real Estate,MNR
Monolithic Power System,MPWR
Monotype Imaging Hldg,TYPE
Monro Muffler Brake Inc,MNRO
Monsanto Co,MON
Monster Beverage Corp,MNST
Monster Worldwide Inc,MWW
Montpelier Re Holdings,MRH
Moodys Corp,MCO
Moog Inc,MOG.A
Morgan Stanley,MS
Morgans Hotel Group Co,MHGC
Morningstar Inc,MORN
Mosaic Company,MOS
Mosys Inc,MOSY
Motorola Solutions Inc,MSI
Movado Group Inc,MOV
Move Inc,MOVE
Mrc Global Inc,MRC
Msc Indl Direct Inc,MSM
Msci Inc,MSCI
Mtr Gaming Group Inc,MNTG
Mts Systems Corp,MTSC
Mueller Industries Inc,MLI
Mueller Wtr Prods Inc,MWA
Multi Color Corp,LABL
Multi-Fineline Electron,MFLX
Multimedia Games Hld Co,MGAM
Murphy Oil Corp,MUR
Mvc Capital Inc,MVC
Mwi Veterinary Supply,MWIV
Myers Industries Inc,MYE
Mylan Inc,MYL
Myr Group Inc Del,MYRG
Myriad Genetics Inc,MYGN
Nabors Industries Ltd,NBR
Nacco Industries Inc,NC
Nanometrics Inc,NANO
Nasb Financial Inc,NASB
Nasdaq Omx Group Inc,NDAQ
Nash Finch Co,NAFC
Nathans Famous Inc New,NATH
National Amern Univ,NAUH
National Bankshares Inc,NKSH
National Beverage Corp,FIZZ
National Cinemedia Inc,NCMI
National Finl Partners,NFP
National Fuel Gas Co,NFG
National Health Invs In,NHI
National Healthcare Cor,NHC
National Instrs Corp,NATI
National Interstate Cor,NATL
National Oilwell Varco,NOV
National Penn Bancshare,NPBC
National Presto Inds In,NPK
National Research Corp,NRCI
National Retail Pptys,NNN
National Westrn Life In,NWLI
Nationstar Mtg Hldgs In,NSM
Natural Gas Services Gr,NGS
Natures Sunshine Prods,NATR
Natus Medical Inc,BABY
Navidea Biopharma Inc,NAVB
Navigant Consulting Inc,NCI
Navigators Group Inc,NAVG
Navistar Intl Corp New,NAV
Nbt Bancorp Inc,NBTB
Nci Building Systems In,NCS
Ncr Corp,NCR
Neenah Paper Inc,NP
Nektar Therapeutics,NKTR
Nelnet Inc,NNI
Neogen Corp,NEOG
Neonode Inc,NEON
Neophotonics Corp,NPTN
Netapp Inc,NTAP
Netflix Inc,NFLX
Netgear Inc,NTGR
Netscout Systems Inc,NTCT
Netspend Holdings Inc,NTSP
Netsuite Inc,N
Neurocrine Biosciences,NBIX
Neustar Inc,NSR
Neutral Tandem Inc,IQNT
New Jersey Resources,NJR
New Mtn Fin Corp,NMFC
New York & Co Inc,NWY
New York Cmnty Bancorp,NYB
New York Mtg Tr Inc,NYMT
New York Times Co,NYT
Newell Rubbermaid Inc,NWL
Newfield Exploration Co,NFX
Newlink Genetics Corp,NLNK
Newmarket Corporation,NEU
Newmont Mining Corp,NEM
Newpark Resources Inc,NR
Newport Corp,NEWP
News Corp,NWSA
Newstar Financial Inc,NEWS
Nexstar Broadcasting Gr,NXST
Nextera Energy Inc,NEE
Ngp Capital Resources,NGPC
Nic Inc,EGOV
Nicholas Financial Inc,NICK
Nielsen Holdings Nv,NLSN
Nii Holdings Inc,NIHD
Nike Inc,NKE
Nisource Inc,NI
Nl Industries Inc,NL
Nn Inc,NNBR
Noble Energy Inc,NBL
Noranda Alum Hldg Corp,NOR
Nordic American Tanker,NAT
Nordson Corp,NDSN
Nordstrom Inc,JWN
Norfolk Southern Corp,NSC
Nortek Inc,NTK
Northeast Utilities,NU
Northern Oil & Gas Inc,NOG
Northern Trust Corp,NTRS
Northfield Bancorp Inc,NFBK
Northrim Bancorp Inc,NRIM
Northrop Grumman Corp,NOC
Northstar Realty Financ,NRF
Northwest Bancshares In,NWBI
Northwest Natural Gas C,NWN
Northwest Pipe Co,NWPX
Northwestern Corp,NWE
"Nothing Contained In This Material Is Intended To Constitute Legal, Tax, Securities, Or Investment Advice, Nor",an
Novavax Inc,NVAX
Nps Pharmaceuticals Inc,NPSP
Nrg Energy Inc,NRG
Ntelos Holdings Corp,NTLS
Nu Skin Enterprises,NUS
Nuance Communications,NUAN
Nucor Corp,NUE
Numerex Corp,NMRX
Nutraceutical Intl Corp,NUTR
Nutri System Inc,NTRI
Nuvasive Inc,NUVA
Nv Energy Inc,NVE
Nve Corp,NVEC
Nvidia Corp,NVDA
Nvr Inc,NVR
Nxstage Medical Inc,NXTM
Nyse Euronext,NYX
O Reilly Automotive Inc,ORLY
Oasis Pete Inc,OAS
Obagi Medical Prod Inc,OMPI
Occidental Pete Corp,OXY
Oceaneering Intl Inc,OII
Oceanfirst Financial,OCFC
Oclaro Inc,OCLR
Ocwen Financial Corp,OCN
Ocz Technology Group In,OCZ
Odyssey Marine Explor,OMEX
Office Depot Inc,ODP
Officemax Inc,OMX
Oge Energy Corp,OGE
Oil Dri Corp Of America,ODC
Oil States Internationa,OIS
Old Dominion Freight,ODFL
Old National Bancorp,ONB
Old Republic Intl Corp,ORI
Olin Corp,OLN
Olympic Steel Inc,ZEUS
Om Group Inc,OMG
Omega Flex Inc,OFLX
Omega Healthcare Invs,OHI
Omega Protein Corp,OME
Omeros Corp,OMER
Omniamerican Bancorp In,OABC
Omnicare Inc,OCR
Omnicell Inc,OMCL
Omnicom Group Inc,OMC
Omnivision Technologies,OVTI
Omnova Solutions Inc,OMN
On Assignment Inc,ASGN
On Semiconductor Corp,ONNN
Oncogenex Pharmas Inc,OGXI
Oncothyreon Inc,ONTY
One Liberty Properties,OLP
Onebeacon Insurance Grp,OB
Oneok Inc,OKE
Onyx Pharmaceuticals In,ONXX
Opentable Inc,OPEN
"Opinion Regarding The Appropriateness Of Any Investment, Nor A Solicitation Of Any Type. The General",information
Opko Health Inc,OPK
Oplink Communications,OPLK
Opnet Technologies Inc,OPNT
Oppenheimer Holdings In,OPY
Optimer Pharma Inc,OPTR
Oracle Corp,ORCL
Orasure Technologies In,OSUR
Orbcomm Inc,ORBC
Orbital Sciences Corp,ORB
Orbitz Worldwide Inc,OWW
Orchard Supply Hardware,OSH
Orchids Paper Prods Com,TIS
Orexigen Therapeutics,OREX
Oriental Financial Grou,OFG
Orient-Express Hotels,OEH
Orion Marine Group Inc,ORN
Oritani Financial Corp,ORIT
Ormat Technologies Inc,ORA
Orthofix Intl N V,OFIX
Oshkosh Corp,OSK
Osi Systems Inc,OSIS
Osiris Therapeutics,OSIR
Otter Tail Corp,OTTR
Outdoor Channel Hldgs,OUTD
Overseas Shipholdng Grp,OSG
Overstock Com Inc,OSTK
Owens & Minor Inc,OMI
Owens Corning New,OC
Owens Illinois Inc,OI
Oxford Industries Inc,OXM
Oyo Geospace Corp,OYOG
P C Connection,PCCC
P F Changs China Bistro,PFCB
Paccar Inc,PCAR
Pacer International Inc,PACR
Pacific Biosciences Ca,PACB
Pacific Capital Bancorp,PCBC
Pacific Continental Cor,PCBK
Pacific Mercantile Banc,PMBC
Pacira Pharmaceuticals,PCRX
Packaging Corp Of Amer,PKG
Pacwest Bancorp,PACW
Pain Therapeutics In,PTIE
Pall Corp,PLL
Palomar Medical Tech,PMTI
Pandora Media Inc,P
Panera Bread Co,PNRA
Panhandle Oil And Gas,PHX
Pantry Inc,PTRY
Papa Johns Internationa,PZZA
Par Pharmaceutical Cos,PRX
Parametric Technology,PMTC
Paramount Gold & Silver,PZG
Parexel International,PRXL
Park Electrochemical,PKE
Park National Corp,PRK
Park Ohio Holdings Corp,PKOH
Park Sterling Corp,PSTB
Parker Drilling Co,PKD
Parker Hannifin Corp,PH
Parkervision Inc,PRKR
Parkway Properties Inc,PKY
Partnerre Ltd,PRE
Patrick Inds Inc,PATK
Patriot Coal Corp,PCX
Patriot Transportation,PATR
Patterson Cos Inc,PDCO
Patterson Uti Energy,PTEN
Paychex Inc,PAYX
Pc-Tel Inc,PCTI
Pdc Energy Inc,PETD
Pdf Solutions Inc,PDFS
Pdi Inc,PDII
Pdl Biopharma Inc,PDLI
Peabody Energy Corp,BTU
Peapack-Gladstone Finl,PGC
Pebblebrook Hotel Trust,PEB
Peets Coffee & Tea Inc,PEET
Pegasystems Inc,PEGA
Pendrell Corporation,PCO
Penn National Gaming In,PENN
Penn Virginia Corp,PVA
Pennantpark Invt Corp,PNNT
Penney J C Inc,JCP
Penns Woods Bancorp Inc,PWOD
Pennsylvania Real Estat,PEI
Pennymac Mortgage Inv,PMT
Penske Automotive Group,PAG
Pentair Inc,PNR
Peoples Bancorp Inc,PEBO
Peoples Fed Bancshares,PEOP
Peoples United Financia,PBCT
Pep Boys Manny Moe&J,PBY
Pepco Holdings Inc,POM
Pepsico Inc,PEP
Perficient Inc,PRFT
Perfumania Holdings Inc,PERF
Pericom Semiconductor,PSEM
Perkinelmer Inc,PKI
Pernix Therapeutics Hld,PTX
Perrigo Co,PRGO
Pervasive Software Inc,PVSW
Petmed Express Inc,PETS
Petroquest Energy Inc,PQ
Petsmart Inc,PETM
Pfizer Inc,PFE
Pg&E Corp,PCG
Pgt Inc,PGTI
Pharmacyclics Inc,PCYC
Pharmerica Corp,PMC
Phh Corporation,PHH
Phi Inc,PHIIK
Philip Morris Intl,PM
Phillips 66,PSX
Phoenix Companies Inc,PNX
Photomedex Inc,PHMD
Photronics Inc,PLAB
Pico Holdings Inc,PICO
Piedmont Nat Gas Inc,PNY
Piedmont Office Rlty Tr,PDM
Pier 1 Imports Inc,PIR
Pike Electric Corp,PIKE
Pilgrims Pride Corp New,PPC
Pinnacle Entmt Inc,PNK
Pinnacle Financial,PNFP
Pinnacle West Capital C,PNW
Pioneer Drilling Co,PDC
Pioneer Nat Resources C,PXD
Piper Jaffray Companies,PJC
Pitney Bowes Inc,PBI
Plains Exploration & Pr,PXP
Plantronics Inc,PLT
Platinum Underwriter Hl,PTP
Plexus Corp,PLXS
Plum Creek Timber Co In,PCL
Plx Technology Inc,PLXT
Pmc-Sierra Inc,PMCS
Pmfg Inc,PMFG
Pnc Financial Svcs Grou,PNC
Pnm Resources Inc,PNM
Polaris Industries Inc,PII
Polycom Inc,PLCM
Polyone Corp,POL
Polypore Intl Inc,PPO
Pool Corp,POOL
Popular Inc,BPOP
Portfolio Recovery Asso,PRAA
Portland Gen Elec Co,POR
Post Holdings Inc,POST
Post Properties Inc,PPS
Potlatch Corp,PCH
Powell Industries Inc,POWL
Power Integrations Inc,POWI
Power-One Inc,PWER
Pozen Inc,POZN
Ppg Industries Inc,PPG
Ppl Corp,PPL
Praxair Inc,PX
Precision Castparts,PCP
Preferred Bank,PFBC
Preformed Line Products,PLPC
Premier Exibitions Inc,PRXI
Premiere Global Service,PGI
Presidential Life Corp,PLFE
Prestige Brands Holding,PBH
Prgx Global Inc,PRGX
Price T Rowe Group Inc,TROW
Priceline Com Inc,PCLN
Pricesmart Inc,PSMT
Primerica Inc,PRI
Primoris Svcs Corp,PRIM
Primus Telecommunicatio,PTGI
Principal Financial Grp,PFG
Privatebancorp Inc,PVTB
Proassurance Corp,PRA
Procera Networks Inc,PKT
Procter & Gamble Co,PG
Progenics Pharmaceutica,PGNX
Progress Energy Inc,PGN
Progress Software Corp,PRGS
Progressive Corp,PGR
Prologis Inc,PLD
Proofpoint Inc,PFPT
Pros Holdings Inc,PRO
Prospect Capital Corp,PSEC
Prosperity Bancshares,PB
Protective Life Corp,PL
Proto Labs Inc,PRLB
Providence Service Corp,PRSC
Provident Financial Svc,PFS
Provident Finl Hldgs In,PROV
Provident Ny Bancorp,PBNY
Prudential Financial In,PRU
Ps Business Parks Inc,PSB
Pss World Medical Inc,PSSI
Public Storage Inc,PSA
Public Svc Enterprise,PEG
Pultegroup Inc,PHM
Pvh Corp,PVH
Pzena Investment Mgmt,PZN
Qad Inc,QADA
Qep Resources Inc,QEP
Qiagen Nv,QGEN
Qlik Technologies Inc,QLIK
Qlogic Corp,QLGC
Quad / Graphics Inc,QUAD
Quaker Chemical Corp,KWR
Qualcomm Inc,QCOM
Quality Distribution In,QLTY
Quality Systems Inc,QSII
Quanex Building Product,NX
Quanta Services Inc,PWR
Quantum Corp,QTM
Quest Diagnostics Inc,DGX
Quest Software Inc,QSFT
Questar Corp,STR
Questcor Pharm Inc,QCOR
Quicklogic Corp,QUIK
Quicksilver Resources,KWK
Quidel Corp,QDEL
Quiksilver Inc,ZQK
Quinstreet Inc,QNST
Rackspace Hosting Inc,RAX
Radian Group Inc,RDN
Radioshack Corp,RSH
Radisys Corp,RSYS
Railamerica Inc,RA
Rait Financial Trust,RAS
Ralcorp Holdings Inc,RAH
Ralph Lauren Corp,RL
Rambus Inc,RMBS
Ramco-Gershenson Pptys,RPT
Rand Logistics Inc,RLOG
Range Resources Corp,RRC
Raptor Pharmaceutical,RPTP
Raven Industries Inc,RAVN
Raymond James Financial,RJF
Rayonier Inc,RYN
Raytheon Co,RTN
Rbc Bearings Inc,ROLL
Reachlocal Inc,RLOC
Reading International,RDI
Reald Inc,RLD
Realnetworks Inc,RNWK
Realpage Inc,RP
Realty Income Corp,O
Red Hat Inc,RHT
Red Lion Hotels Corp,RLH
Red Robin Gourmet Burge,RRGB
Redwood Trust Inc,RWT
Regal Beloit Corp,RBC
Regal Entmt Group,RGC
Regency Centers Corp,REG
Regeneron Pharmaceutica,REGN
Regional Mgmt Corp,RM
Regions Financial Corp,RF
Regis Corp,RGS
Reinsurance Grp Of Amer,RGA
Reliance Steel & Alum,RS
Renaissancere Holdings,RNR
Renasant Corp,RNST
Renewable Ener Group In,REGI
Rent A Center Inc,RCII
Rentech Inc,RTK
Rentrak Corp,RENT
Repligen Corp,RGEN
Repros Therapeutics Inc,RPRX
Republic Airways Hld,RJET
Republic Bancorp Inc Ky,RBCAA
Republic Services Inc,RSG
Resmed Inc,RMD
Resolute Energy Corp,REN
Resolute Forest Product,RFP
Resource America Inc,REXI
Resource Capital Corp,RSO
Resources Connection,RECN
Responsys Inc,MKTG
Retail Opportunity Invt,ROIC
Retail Pptys Amer Inc,RPAI
Revett Minerals Inc,RVM
Revlon Inc,REV
Rex American Resources,REX
Rex Energy Corp,REXX
Rexnord Corp New,RXN
Reynolds American Inc,RAI
Rf Microdevices Inc,RFMD
Richardson Electronics,RELL
Rigel Pharmaceuticals,RIGL
Rignet Inc,RNET
Rite Aid Corp,RAD
Riverbed Technology Inc,RVBD
Rli Corp,RLI
Rlj Lodging Tr,RLJ
Roadrunner Trnsn Svcs,RRTS
Robbins & Myers Inc,RBN
Robert Half Intl Inc,RHI
Rochester Medical Corp,ROCM
Rock-Tenn Co,RKT
Rockville Finl Inc,RCKB
Rockwell Automation Inc,ROK
Rockwell Collins Inc,COL
Rockwell Medical Tech,RMTI
Rockwood Holdings Inc,ROC
Rofin Sinar Technologie,RSTI
Rogers Corp,ROG
Rollins Inc,ROL
Roma Financial Corp,ROMA
Roper Industries Inc,ROP
Rosetta Resources Inc,ROSE
Rosetta Stone Inc,RST
Ross Stores Inc,ROST
Roundys Inc,RNDY
Rouse Properties Inc,RSE
Rovi Corporation,ROVI
Rowan Companies Plc,RDC
Royal Caribbean Cruises,RCL
Royal Gold Inc,RGLD
Rpc Inc,RES
Rpm International Inc,RPM
Rpx Corp,RPXC
Rti Biologics Inc,RTIX
Rti International Metal,RTI
Rubicon Technology Inc,RBCN
Ruby Tuesday Inc,RT
Rudolph Technologies In,RTEC
Rue21 Inc,RUE
Rush Enterprises Inc,RUSHA
Russell 3000 Index Membership,list
"Russell Investments Is A Washington, Usa Corporation, Which Operates Through Subsidiaries Worldwide And",is
"Russell Investments Is The Owner Of The Trademarks, Service Marks And Copyrights Related To The",Russell
Ruth'S Hospitality Grou,RUTH
Ryder System Inc,R
Ryland Group Inc,RYL
S & T Bancorp Inc,STBA
S Y Bancorp Inc,SYBT
Saba Software Inc,SABA
Sabra Health Care Reit,SBRA
Safeguard Scientifics,SFE
Safety Insurance Grp In,SAFT
Safeway Inc,SWY
Saga Communications Inc,SGA
Sagent Pharmaceuticals,SGNT
Saia Inc,SAIA
Saic Inc,SAI
Saks Inc,SKS
Salem Communications,SALM
Salesforce Com Inc,CRM
Salix Pharmaceuticals,SLXP
Sally Beauty Holdings,SBH
Sanchez Energy Corp,SN
Sanderson Farms Inc,SAFM
Sandisk Corp,SNDK
Sandridge Energy Inc,SD
Sandy Spring Bancorp,SASR
Sanfilippo John B & Son,JBSS
Sangamo Biosciences Inc,SGMO
Sanmina Sci Corp,SANM
Santarus Inc,SNTS
Sapiens Intl Corp N V,SPNS
Sapient Corp,SAPE
Sara Lee Corp,SLE
Saratoga Res Inc Tex,SARA
Sauer-Danfoss Inc,SHS
Saul Centers Inc,BFS
Sba Communications Corp,SBAC
Scana Corp,SCG
Scansource Inc,SCSC
Scbt Financial Corp,SCBT
Schawk Inc,SGK
Schein Henry Inc,HSIC
Schiff Nutrition Intl,SHF
Schlumberger Ltd,SLB
Schnitzer Steel Inds,SCHN
Scholastic Corp,SCHL
Schulman A Inc,SHLM
Schwab Charles Corp,SCHW
Schweitzer-Mauduit Intl,SWM
Sciclone Pharmaceutical,SCLN
Scientific Games Corp,SGMS
Sciquest Inc New,SQI
Scorpio Tankers Inc,STNG
Scotts Miracle-Gro Co,SMG
Scripps E W Co,SSP
Scripps Ntwk Interactiv,SNI
Seaboard Corp,SEB
Seabright Holdings Inc,SBX
Seachange International,SEAC
Seacoast Banking Corp F,SBCF
Seacor Holdings Inc,CKH
Seacube Container Leasi,BOX
Sealed Air Corp,SEE
Sealy Corp,ZZ
Sears Holdings Corp,SHLD
Seattle Genetics Inc,SGEN
Sei Investments Co,SEIC
Select Comfort Corp,SCSS
Select Income Reit,SIR
Select Medical Holdings,SEM
Selective Insurance Grp,SIGI
Semgroup Corp,SEMG
Sempra Energy,SRE
Semtech Corp,SMTC
Seneca Foods Corp,SENEA
Senior Housing Pptys Tr,SNH
Sensient Technologies,SXT
Sequenom Inc,SQNM
Service Corp Intl,SCI
Servicesource Intl Llc,SREV
Shaw Group Inc,SHAW
Shenandoah Telecomm Co,SHEN
Sherwin Williams Co,SHW
Shiloh Industries Inc,SHLO
Ship Finance Intl,SFL
Shoe Carnival Inc,SCVL
Shoretel Inc,SHOR
Shuffle Master Inc,SHFL
Shutterfly Inc,SFLY
Si Financial Group,SIFI
Sierra Bancorp,BSRR
Sifco Inds Inc,SIF
Siga Technologies Inc,SIGA
Sigma Aldrich Corp,SIAL
Sigma Designs Inc,SIGM
Signature Bank,SBNY
Signet Jewelers Ltd,SIG
Silgan Holdings Inc,SLGN
Silicon Graphics Intl,SGI
Silicon Image Inc,SIMG
Silicon Laboratories In,SLAB
Simmons First National,SFNC
Simon Property Group In,SPG
Simpson Manufacturing,SSD
Sinclair Broadcast Grou,SBGI
Sirius Xm Radio Inc,SIRI
Sirona Dental Sys Inc,SIRO
Six Flags Entmt Corp Ne,SIX
Sjw Corp,SJW
Skechers U S A Inc,SKX
Skilled Healthcare Grou,SKH
Skullcandy Inc,SKUL
Skywest Inc,SKYW
Skyworks Solutions Inc,SWKS
Sl Green Realty Corp,SLG
Slm Corp,SLM
Sm Energy Co,SM
Smart Balance Inc,SMBL
Smith & Wesson Holding,SWHC
Smith A O Corp,AOS
Smithfield Foods Inc,SFD
Smucker J M Co,SJM
Snap On Inc,SNA
Snyder'S-Lance Inc,LNCE
Solar Capital Ltd,SLRC
Solar Senior Cap Ltd,SUNS
Solarwinds Inc,SWI
Solazyme Inc,SZYM
Solera Holdings Inc,SLH
Solta Medical Inc,SLTM
Solutia Inc,SOA
Sonic Automotive Inc,SAH
Sonic Corp,SONC
Sonoco Products Co,SON
Sonus Networks Inc,SONS
Sothebys,BID
Sourcefire Inc,FIRE
South Jersey Industries,SJI
Southern Co,SO
Southern Copper Corp,SCCO
Southside Bancshares In,SBSI
Southwest Airlines Co,LUV
Southwest Bancorp Inc O,OKSB
Southwest Gas Corp,SWX
Southwestern Energy Co,SWN
Sovran Self Storage,SSS
Spansion Inc,CODE
Spark Networks Inc,LOV
Spartan Motors Inc,SPAR
Spartan Stores Inc,SPTN
Spartech Corp,SEH
Spectra Energy Corp,SE
Spectranetics Corp,SPNC
Spectrum Brands Holding,SPB
Spectrum Pharmaceutical,SPPI
Speedway Motorsports In,TRK
Spirit Aerosystems,SPR
Spirit Airls Inc,SAVE
Splunk Inc,SPLK
Sprint Nextel Corp,S
Sps Comm Inc,SPSC
Spx Corp,SPW
Srs Labs Inc,SRSL
Ss&C Technologies Hldgs,SSNC
St Joe Co,JOE
St Jude Medical Inc,STJ
Staar Surgical Co,STAA
Stag Indl Inc,STAG
Stage Stores Inc,SSI
Stamps Com Inc,STMP
Stancorp Financial Grou,SFG
Standard Microsystem,SMSC
Standard Motor Products,SMP
Standard Pacific Corp,SPF
Standard Parking Corp,STAN
Standex International,SXI
Stanley Black & Decker,SWK
Staples Inc,SPLS
Star Scientific Inc,CIGX
Starbucks Corp,SBUX
Starwood Hotels & Resrt,HOT
Starwood Ppty Trust Inc,STWD
State Auto Financial,STFC
State Bk Finl Corp,STBZ
State Street Corp,STT
Stec Inc,STEC
Steel Dynamics Inc,STLD
Steelcase Inc,SCS
Stein Mart Inc,SMRT
Steiner Leisure Ltd,STNR
Steinway Musical Ins,LVB
Stellarone Corp,STEL
Stepan Co,SCL
Stericycle Inc,SRCL
Steris Corp,STE
Sterling Bancorp,STL
Sterling Construction C,STRL
Sterling Finl Corp Wash,STSA
Stewart Enterprises,STEI
Stewart Information,STC
Stifel Financial Corp,SF
Stillwater Mining Co,SWC
Stone Energy Corp,SGY
Stoneridge Inc,SRI
Str Holdings Inc,STRI
Stratasys Inc,SSYS
Strategic Hotel & Resor,BEE
Strayer Education Inc,STRA
Stryker Corp,SYK
Sturm Ruger & Co Inc,RGR
Sucampo Pharma,SCMP
Suffolk Bancorp,SUBK
Summit Hotel Proper,INN
Sun Bancorp Inc Nj,SNBC
Sun Communities Inc,SUI
Sun Healthcare Group In,SUNH
Sun Hydraulics Corp,SNHY
Suncoke Energy Inc,SXC
Sunesis Pharmaceuticals,SNSS
Sunoco Inc,SUN
Sunpower Corp,SPWR
Sunrise Senior Living,SRZ
Sunstone Hotel Invs Inc,SHO
Suntrust Banks Inc,STI
Super Micro Computer In,SMCI
Superior Energy Service,SPN
Superior Industries Int,SUP
Supernus Pharmaceutical,SUPN
Supertex Inc,SUPX
Supervalu Inc,SVU
Support.Com Inc,SPRT
Surewest Communications,SURW
Surmodics Inc,SRDX
Susquehanna Bancshares,SUSQ
Susser Holdings Corp,SUSS
Svb Financial Group,SIVB
Swift Energy Co,SFY
Swift Transn Co,SWFT
Swisher Hygiene Inc,SWSH
Sws Group Inc,SWS
Sxc Health Solutions,SXCI
Sycamore Networks Inc,SCMR
Sykes Enterprises Inc,SYKE
Symantec Corp,SYMC
Symetra Financial Corp,SYA
Symmetricom Inc,SYMM
Symmetry Medical Inc,SMA
Synacor Inc,SYNC
Synageva Biopharma Corp,GEVA
Synaptics Inc,SYNA
Synchronoss Technology,SNCR
Synergy Pharmaceuticals,SGYP
Synergy Res Corp,SYRG
Synnex Corp,SNX
Synopsys Inc,SNPS
Synovus Financial Corp,SNV
Synta Pharma Corp,SNTA
Syntel Inc,SYNT
Synutra Intl Inc,SYUT
Sypris Solutions Inc,SYPR
Sysco Corp,SYY
Systemax Inc,SYX
Tahoe Res Inc,TAHO
Take-Two Interactive,TTWO
Tal International Group,TAL
Talbots Inc,TLB
Tanger Factory Outlet,SKT
Tangoe Inc,TNGO
Targa Resources Inc,TRGP
Targacept Inc,TRGT
Target Corp,TGT
Taser Intl Inc,TASR
Taubman Centers Inc,TCO
Taylor Capital Group In,TAYC
Tcf Financial Corp,TCB
Tcp Cap Corp,TCPC
Td Ameritrade Holding,AMTD
Team Health Holdings In,TMH
Team Inc,TISI
Teavana Hldgs Inc,TEA
Tech Data Corp,TECD
Techne Corp,TECH
Techtarget Inc,TTGT
Teco Energy Inc,TE
Teekay Corp,TK
Teekay Tankers Ltd,TNK
Tejon Ranch Co,TRC
Teledyne Technologies,TDY
Teleflex Inc,TFX
Telenav Inc,TNAV
Telephone & Data System,TDS
Teletech Holdings Inc,TTEC
Tellabs Inc,TLAB
Telular Corp,WRLS
Tempur Pedic Intl Inc,TPX
Tenet Healthcare Corp,THC
Tennant Co,TNC
Tenneco Inc,TEN
Teradata Corp,TDC
Teradyne Inc,TER
Terex Corp,TEX
Terreno Realty Corp,TRNO
Territorial Bancorp Inc,TBNK
Tesco Corp,TESO
Tesla Mtrs Inc,TSLA
Tesoro Corp,TSO
Tessco Technologies Inc,TESS
Tessera Technologies In,TSRA
Tetra Tech Inc,TTEK
Tetra Technologies Inc,TTI
Texas Capital Bancshare,TCBI
Texas Industries Inc,TXI
Texas Instruments Inc,TXN
Texas Roadhouse Inc,TXRH
Textainer Group Hldgs,TGH
Textron Inc,TXT
Tfs Finl Corp,TFSL
Tgc Industries Inc,TGE
The Jones Group Inc,JNY
The Wendy'S Company,WEN
Theravance Inc,THRX
Thermo Fisher Scientifi,TMO
Thermon Group Hldgs Inc,THR
"This Is Not An Offer, Solicitation Or Recommendation To Purchase Any Security Or The Services Of Any",organization.
"This Material Is Proprietary And May Not Be Reproduced, Transferred, Or Distributed In Any Form Without",prior
Thl Cr Inc,TCRD
Thomas Properties Group,TPGI
Thomson Reuters Corp,TRI
Thor Industries Inc,THO
Thoratec Corp,THOR
Threshold Pharmaceutica,THLD
Tibco Software Inc,TIBX
Ticc Capital Corp,TICC
Tidewater Inc,TDW
Tiffany & Co,TIF
Tillys Inc,TLYS
Time Warner Cable Inc,TWC
Time Warner Inc,TWX
Timken Co,TKR
Titan International Inc,TWI
Titan Machinery Inc,TITN
Titanium Metals Corp,TIE
Tivo Inc,TIVO
Tjx Companies Inc,TJX
Tms Intl Corp,TMS
Tns Inc,TNS
Toll Brothers Inc,TOL
Tompkins Financial Corp,TMP
Tootsie Roll Industries,TR
Torchmark Corp,TMK
Tornier N V,TRNX
Toro Co,TTC
Total System Services,TSS
Tower Group Inc,TWGP
Tower International Inc,TOWR
Towers Watson & Company,TW
Towerstream Corp,TWER
Town Sports Intl,CLUB
Townebank Portsmouth Va,TOWN
Tpc Group Inc,TPCG
Tractor Supply Co,TSCO
Transcept Pharm Inc,TSPT
Transdigm Group Inc,TDG
Travelers Cos Inc,TRV
Travelzoo Inc,TZOO
Trc Cos Inc,TRR
Tredegar Corp,TG
Tree.Com Inc,TREE
Treehouse Foods Inc,THS
Trex Inc,TREX
Triangle Capital Corp,TCAP
Triangle Pete Corp,TPLM
Trico Bancshares,TCBK
Trimas Corp,TRS
Trimble Navigation Ltd,TRMB
Trinity Industries Inc,TRN
Tripadvisor Inc,TRIP
Triple-S Management Cor,GTS
Triquint Semiconductor,TQNT
Triumph Group Inc,TGI
Trius Therapeutics Inc,TSRX
True Religion Apparel,TRLG
Trueblue Inc,TBI
Trustco Bank Corp Ny,TRST
Trustmark Corp,TRMK
Trw Automotive Hldgs,TRW
Ttm Technologies Inc,TTMI
Tuesday Morning Corp,TUES
Tumi Hldgs Inc,TUMI
Tupperware Brands Corp,TUP
Tutor Perini Corp,TPC
Tw Telecom Inc,TWTC
Twin Disc Inc,TWIN
Two Hbrs Invt Corp,TWO
Tyco International Ltd,TYC
Tyler Technologies Inc,TYL
Tyson Foods Inc,TSN
U S Airways Group Inc,LCC
U S G Corp,USG
U S Physical Therapy In,USPH
U S Silica Hldgs Inc,SLCA
Ubiquiti Networks Inc,UBNT
Udr Inc,UDR
Ufp Technologies Inc,UFPT
Ugi Corp,UGI
Uil Holdings Corp,UIL
Ulta Salon Cosmetics,ULTA
Ultimate Software Group,ULTI
Ultra Clean Holdings In,UCTT
Ultra Petroleum Corp,UPL
Ultratech Inc,UTEK
Umb Financial Corp,UMBF
Umh Properties Inc,UMH
Umpqua Holdings Corp,UMPQ
Under Armour Inc,UA
Unifi Inc,UFI
Unifirst Corp Mass,UNF
Unilife Corp New,UNIS
Union Drilling Inc,UDRL
Union First Market Bksh,UBSH
Union Pacific Corp,UNP
Unisys Corp,UIS
Unit Corp,UNT
United Bankshares Inc,UBSI
United Community Banks,UCBI
United Continental Hldg,UAL
United Financial Bancor,UBNK
United Fire Group Inc,UFCS
United Natural Foods In,UNFI
United Online Inc,UNTD
United Parcel Service,UPS
United Rentals Inc,URI
United States Antimony,UAMY
United States Cellular,USM
United States Lime & Mi,USLM
United States Steel Cor,X
United Stationers Inc,USTR
United Technologies,UTX
United Therapeutics,UTHR
Unitedhealth Group Inc,UNH
Unitil Corp,UTL
Universal American Corp,UAM
Universal Corp,UVV
Universal Display Corp,PANL
Universal Electronics,UEIC
Universal Forest Prods,UFPI
Universal Health Realty,UHT
Universal Health Svcs,UHS
Universal Insurance,UVE
Universal Stainless & A,USAP
Universal Technical Ins,UTI
Universal Truckload Svc,UACL
Univest Corp Of Penn,UVSP
Uns Energy Corporation,UNS
Unum Group,UNM
Unwired Planet Inc,UPIP
Uranerz Energy Corp,URZ
Uranium Energy Corp,UEC
Urban Outfitters Inc,URBN
Urs Corp,URS
Urstadt Biddle Pptys In,UBA
Us Auto Parts Netwrk In,PRTS
Us Bancorp,USB
Us Ecology Inc,ECOL
Usa Mobility Inc,USMO
Usana Health Sciences,USNA
Utah Med Prods Inc,UTMD
Uti Worldwide Inc,UTIW
V F Corp,VFC
Vaalco Energy Inc,EGY
Vail Resorts Inc,MTN
Valassis Communications,VCI
Valero Energy Corp,VLO
Validus Holdings Ltd,VR
Valley National Bancorp,VLY
Valmont Industries Inc,VMI
Valspar Corp,VAL
Value Line Inc,VALU
Valueclick Inc,VCLK
Vanda Pharmaceuticals,VNDA
Vanguard Health Sys Inc,VHS
Vantage Drilling Compan,VTG
Vantiv Inc,VNTV
Varian Medical Systems,VAR
Vasco Data Security Int,VDSI
Vascular Solutions Inc,VASC
Vca Antech Inc,WOOF
Vector Group Ltd,VGR
Vectren Corp,VVC
Veeco Instruments Inc,VECO
Venoco Inc,VQ
Ventas Inc,VTR
Ventrus Biosciences Inc,VTUS
Vera Bradley Inc,VRA
Verastem Inc,VSTM
Verifone Systems Inc,PAY
Verint Sys Inc,VRNT
Verisign Inc,VRSN
Verisk Analytics Inc,VRSK
Verizon Communications,VZ
Vertex Pharmaceuticals,VRTX
Viacom Inc,VIAB
Viad Corp,VVI
Viasat Inc,VSAT
Viasystems Group Inc,VIAS
Vical Inc,VICL
Vicor Corp,VICR
Viewpoint Finl Group,VPFG
Village Super Market In,VLGEA
Virgin Media Inc,VMED
Virginia Comm Bancorp,VCBI
Virnetx Holding Corp,VHC
Viropharma Inc,VPHM
Virtus Investment Ptnrs,VRTS
Virtusa Corp,VRTU
Visa Inc,V
Vishay Intertechnology,VSH
Vishay Precision Group,VPG
Vista Gold Corp,VGZ
Vistaprint N V,VPRT
Visteon Corp,VC
Vitacost Com Inc,VITC
Vitamin Shoppe Inc,VSI
Vivus Inc,VVUS
Vmware Inc,VMW
Vocera Communications,VCRA
Vocus Inc,VOCS
Volcano Corp,VOLC
Volterra Semiconductor,VLTR
Vonage Hldgs Corp,VG
Vornado Realty Trust,VNO
Voxx International Corp,VOXX
Voyager Oil & Gas Inc,VOG
Vse Corp,VSEC
Vulcan Materials Co,VMC
W&T Offshore Inc,WTI
Wabash National Corp,WNC
Wabco Holdings Inc,WBC
Wabtec Corp,WAB
Waddell & Reed Financia,WDR
Wageworks Inc,WAGE
Wal Mart Stores Inc,WMT
Walgreen Co,WAG
Walker & Dunlop Inc,WD
Walter Energy Inc,WLT
Walter Inv Mgmt Corp,WAC
Warnaco Group Inc,WRC
Warner Chilcott Plc,WCRX
Warren Resources Inc,WRES
Washington Banking Co,WBCO
Washington Fed Inc,WAFD
Washington Post Co,WPO
Washington Real Estate,WRE
Washington Trust Bancor,WASH
Waste Connections Inc,WCN
Waste Mgmt Inc,WM
Waters Corp,WAT
Waterstone Financial In,WSBF
Watsco Inc,WSO
Watson Pharmaceuticals,WPI
Watts Water Tech Inc,WTS
Wausau Paper Corp,WPP
Wd-40 Co,WDFC
Web.Com Group Inc,WWWW
Webmd Health Corp,WBMD
Websense Inc,WBSN
Webster Financial Corp,WBS
Weight Watchers Intl In,WTW
Weingarten Rlty Invs,WRI
Weis Markets Inc,WMK
Wellcare Group Inc,WCG
Wellpoint Inc,WLP
Wells Fargo & Co,WFC
Werner Enterprises Inc,WERN
Wesbanco Inc,WSBC
Wesco Aircraft Hldgs In,WAIR
Wesco International Inc,WCC
West Bancorporation Inc,WTBA
West Coast Bancorp,WCBO
West Marine Inc,WMAR
West Pharmaceutical Svc,WST
Westamerica Bancorp,WABC
Westar Energy Inc,WR
Westell Technologies In,WSTL
Western Alliance Bancor,WAL
Western Asset Mtg Cap,WMC
Western Digital Corp,WDC
Western Refining Inc,WNR
Western Union Co,WU
Westfield Financial Inc,WFD
Westlake Chemical Corp,WLK
Westmoreland Coal Co,WLB
Westway Group Inc,WWAY
Westwood Holdings Group,WHG
Wet Seal Inc,WTSLA
Weyco Group Inc,WEYS
Weyerhaeuser Co,WY
Wgl Holdings Inc,WGL
Whirlpool Corp,WHR
White Mtns Ins Group Lt,WTM
Whitestone Reit,WSR
Whiting Petroleum Corp,WLL
Whole Foods Market Inc,WFM
Wiley John & Sons Inc,JW.A
Willbros Group Inc,WG
Williams Clayton Energy,CWEI
Williams Companies Inc,WMB
Williams Sonoma Inc,WSM
Willis Lease Finance,WLFC
Wilshire Bancorp Inc,WIBC
Windstream Corp,WIN
Winmark Corp,WINA
Winnebago Industries In,WGO
Winthrop Realty Trust,FUR
Wintrust Financial Corp,WTFC
Wisconsin Energy Corp,WEC
Wisdomtree Invts Inc,WETF
Wms Industries Inc,WMS
Wolverine World Wide,WWW
Woodward Inc,WWD
World Acceptance Corp,WRLD
World Fuel Svcs Corp,INT
World Wrestling Entmnt,WWE
Worthington Industries,WOR
Wpx Energy Inc,WPX
Wright Express Corp,WXS
Wright Medical Group In,WMGI
Written Permission From Russell Investments. It Is Delivered On An As Is Basis Without,warranty.
Wsfs Financial Corp,WSFS
Wyndham Worldwide Corp,WYN
Wynn Resorts Ltd,WYNN
Xcel Energy Inc,XEL
Xenoport Inc,XNPT
Xerox Corp,XRX
Xilinx Inc,XLNX
Xl Group Plc,XL
Xo Group Inc,XOXO
Xoma Corporation,XOMA
Xpo Logistics Inc,XPO
Xylem Inc,XYL
Yahoo Inc,YHOO
Yelp Inc,YELP
York Water Company,YORW
Young Innovations Inc,YDNT
Yum! Brands Inc,YUM
Zagg Inc,ZAGG
Zaza Energy Corp,ZAZA
Zebra Technologies Corp,ZBRA
Zeltiq Aesthetics Inc,ZLTQ
Zep Inc,ZEP
Zillow Inc,Z
Zimmer Holdings Inc,ZMH
Zions Bancorporation,ZION
Ziopharm Oncology Inc,ZIOP
Zipcar Inc,ZIP
Zix Corp,ZIXI
Zogenix Inc,ZGNX
Zoltek Companies Inc,ZOLT
Zumiez Inc,ZUMZ
Zygo Corp,ZIGO
Zynga Inc,ZNGA